days,strike,IV,type
837 ,1400,0.231302,C
837 ,2000,0.165208,C
837 ,100,0.638252,P
837 ,1000,0.298279,P
837 ,1250,0.254534,P
837 ,1275,0.250232,P
837 ,1400,0.234352,P
837 ,200,0.541634,P
837 ,250,0.513096,P
837 ,300,0.474731,P
837 ,350,0.451045,P
836 ,1300,0.241101,C
836 ,1400,0.228895,C
836 ,100,0.655776,P
836 ,1000,0.297273,P
836 ,1200,0.258447,P
836 ,1300,0.243858,P
836 ,200,0.537771,P
836 ,250,0.513179,P
836 ,300,0.496679,P
836 ,350,0.451964,P
836 ,900,0.316667,P
655 ,1400,0.229034,C
655 ,1800,0.171969,C
655 ,1400,0.227767,P
654 ,1400,0.222607,C
654 ,350,0.433469,P
501 ,1150,0.270622,P
501 ,1250,0.249396,P
500 ,1475,0.202263,C
500 ,1525,0.193476,C
500 ,1575,0.184756,C
500 ,1700,0.166531,C
500 ,100,0.737875,P
500 ,975,0.304289,P
473 ,1400,0.223555,C
473 ,1450,0.213251,C
473 ,1500,0.202987,C
473 ,1550,0.194427,C
473 ,1600,0.186669,C
473 ,1625,0.181458,C
473 ,700,0.397054,C
473 ,1100,0.286775,P
473 ,1300,0.238846,P
473 ,1325,0.236912,P
473 ,1350,0.231674,P
473 ,1400,0.221644,P
473 ,250,0.669374,P
473 ,400,,P
473 ,650,0.388723,P
472 ,100,0.771436,C
472 ,1400,0.216293,C
472 ,1450,0.206515,C
472 ,1500,0.197026,C
472 ,1550,0.187776,C
472 ,1600,0.179294,C
472 ,1900,,C
472 ,700,0.376994,C
472 ,100,0.774834,P
472 ,1200,0.256624,P
472 ,1250,0.246159,P
472 ,1300,0.236954,P
472 ,1325,0.229723,P
472 ,1350,0.2242,P
472 ,1400,0.213737,P
472 ,1425,0.209174,P
472 ,3000,,P
472 ,400,0.474837,P
472 ,450,,P
472 ,700,0.372162,P
472 ,975,0.306026,P
297 ,1400,0.214218,C
297 ,1475,0.194872,C
296 ,1650,0.153408,C
296 ,500,0.469695,P
291 ,1400,0.21374,C
291 ,1450,0.200561,C
291 ,1100,0.291105,P
291 ,1150,0.277569,P
291 ,1300,0.238057,P
291 ,1350,0.224188,P
291 ,1375,0.218475,P
291 ,800,0.378358,P
291 ,850,0.363342,P
290 ,1300,0.233086,C
290 ,1400,0.206208,C
290 ,1425,0.200354,C
290 ,1450,0.193561,C
290 ,1525,0.17624,C
290 ,1550,0.170854,C
290 ,1575,0.16581,C
290 ,1600,0.161349,C
290 ,1625,0.15683,C
290 ,1000,0.31078,P
290 ,1050,0.296797,P
290 ,1100,0.286425,P
290 ,1125,0.276897,P
290 ,1150,0.270214,P
290 ,1200,0.257444,P
290 ,1250,0.243883,P
290 ,1300,0.23066,P
290 ,1350,0.217298,P
290 ,1400,0.204436,P
205 ,1475,0.180979,C
205 ,1250,0.245859,P
204 ,900,0.350886,P
204 ,925,0.34089,P
193 ,1100,0.29836,C
193 ,1350,0.21638,C
193 ,1400,0.200172,C
193 ,1450,0.185363,C
193 ,1475,0.177936,C
193 ,1500,0.171237,C
193 ,1550,0.15673,C
193 ,1025,0.317645,P
193 ,1100,0.293377,P
193 ,1200,0.261204,P
193 ,1225,0.253198,P
193 ,1250,0.245812,P
193 ,1275,0.237683,P
193 ,1300,0.230255,P
193 ,1325,0.222124,P
193 ,1350,0.214678,P
193 ,1400,0.197384,P
193 ,750,0.410571,P
193 ,825,0.381796,P
193 ,850,0.368042,P
192 ,1350,0.208613,C
192 ,1400,0.193554,C
192 ,1425,0.18608,C
192 ,1450,0.178841,C
192 ,1500,0.16486,C
192 ,1525,0.158618,C
192 ,1550,0.152097,C
192 ,1575,0.146242,C
192 ,1600,0.142132,C
192 ,1000,0.319297,P
192 ,1025,0.310562,P
192 ,1050,0.301937,P
192 ,1125,0.279048,P
192 ,1150,0.271336,P
192 ,1200,0.254104,P
192 ,1225,0.246359,P
192 ,1250,0.238225,P
192 ,1275,0.230447,P
192 ,1300,0.223289,P
192 ,1350,0.207198,P
192 ,1375,0.200004,P
192 ,1400,0.191917,P
192 ,400,0.554226,P
192 ,425,0.551311,P
192 ,675,0.40898,P
192 ,800,0.391372,P
137 ,1350,0.207131,C
137 ,1375,0.198272,C
137 ,1400,0.188679,C
137 ,1425,0.179764,C
137 ,1450,0.171346,C
137 ,1475,0.162731,C
137 ,1500,0.155866,C
137 ,1525,0.147394,C
137 ,1550,0.144739,C
137 ,1600,0.139095,C
137 ,1625,0.138361,C
137 ,1000,0.334581,P
137 ,1125,0.285678,P
137 ,1175,0.266621,P
137 ,1225,0.247901,P
137 ,1300,0.221443,P
137 ,1325,0.212441,P
137 ,1350,0.203807,P
137 ,1375,0.19426,P
137 ,1400,0.185713,P
137 ,1425,0.176863,P
137 ,850,0.38293,P
137 ,950,0.355897,P
136 ,1350,0.20109,C
136 ,1375,0.19265,C
136 ,1400,0.182705,C
136 ,1425,0.174446,C
136 ,1450,0.166354,C
136 ,1475,0.157879,C
136 ,1500,0.151212,C
136 ,1575,0.131232,C
136 ,1125,0.279318,P
136 ,1200,0.251657,P
136 ,1250,0.233789,P
136 ,1275,0.224914,P
136 ,1300,0.216123,P
136 ,1350,0.197608,P
136 ,1400,0.179289,P
136 ,1425,0.170929,P
118 ,1400,0.184372,C
118 ,1425,0.174753,C
118 ,1450,0.165188,C
118 ,1500,0.149148,C
118 ,1525,0.143131,C
118 ,1175,0.266961,P
118 ,1325,0.209729,P
117 ,1275,0.224735,C
117 ,1325,0.206597,C
117 ,1500,0.142404,C
117 ,1000,0.325432,P
117 ,1150,0.269267,P
117 ,1225,0.241591,P
117 ,875,0.378316,P
109 ,1100,0.311645,C
109 ,1250,0.244339,C
109 ,1350,0.203924,C
109 ,1375,0.194042,C
109 ,1395,0.185491,C
109 ,1400,0.183924,C
109 ,1425,0.173616,C
109 ,1440,0.168805,C
109 ,1450,0.164752,C
109 ,1475,0.156063,C
109 ,1480,0.15417,C
109 ,1495,0.149042,C
109 ,1500,0.148124,C
109 ,1520,0.142653,C
109 ,1525,0.141819,C
109 ,1550,0.138162,C
109 ,1575,0.13485,C
109 ,1600,0.135074,C
109 ,1700,0.142344,C
109 ,1750,0.145609,C
109 ,1800,0.161801,C
109 ,1000,0.335969,P
109 ,1025,0.322883,P
109 ,1050,0.313583,P
109 ,1075,0.311743,P
109 ,1100,0.299711,P
109 ,1125,0.290046,P
109 ,1175,0.27057,P
109 ,1200,0.260706,P
109 ,1225,0.250635,P
109 ,1250,0.240473,P
109 ,1275,0.23089,P
109 ,1300,0.220984,P
109 ,1325,0.211761,P
109 ,1350,0.201914,P
109 ,1360,0.197823,P
109 ,1375,0.192378,P
109 ,1380,0.190546,P
109 ,1390,0.186408,P
109 ,1395,0.184092,P
109 ,1400,0.18271,P
109 ,1425,0.172472,P
109 ,1600,0.133581,P
109 ,900,0.368005,P
109 ,925,0.358878,P
109 ,950,0.352541,P
109 ,975,0.344627,P
108 ,1100,0.293658,C
108 ,1275,0.225554,C
108 ,1300,0.216061,C
108 ,1325,0.206732,C
108 ,1350,0.196505,C
108 ,1375,0.18699,C
108 ,1400,0.176641,C
108 ,1425,0.167816,C
108 ,1450,0.159343,C
108 ,1475,0.150582,C
108 ,1480,0.148372,C
108 ,1500,0.142244,C
108 ,1550,0.12957,C
108 ,1575,0.127224,C
108 ,1600,0.129198,C
108 ,1000,0.327847,P
108 ,1025,0.317832,P
108 ,1050,0.31261,P
108 ,1100,0.292201,P
108 ,1150,0.271647,P
108 ,1175,0.26183,P
108 ,1200,0.252653,P
108 ,1225,0.243142,P
108 ,1240,0.237262,P
108 ,1250,0.233428,P
108 ,1260,0.230313,P
108 ,1275,0.224658,P
108 ,1300,0.21494,P
108 ,1325,0.204657,P
108 ,1350,0.195016,P
108 ,1360,0.191998,P
108 ,1375,0.185827,P
108 ,1380,0.184306,P
108 ,1385,0.181886,P
108 ,1400,0.176419,P
108 ,1425,0.165976,P
108 ,350,0.756397,P
108 ,400,0.684864,P
108 ,475,0.593088,P
108 ,500,0.565738,P
108 ,525,0.539736,P
108 ,550,0.560515,P
108 ,575,0.558903,P
108 ,600,0.550042,P
108 ,625,0.517332,P
108 ,675,0.483399,P
108 ,800,0.422618,P
108 ,825,0.407161,P
108 ,900,0.358922,P
108 ,925,0.34837,P
108 ,950,0.352667,P
108 ,975,0.335372,P
74 ,1350,0.19869,C
74 ,1375,0.187066,C
74 ,1380,0.184739,C
74 ,1390,0.179944,C
74 ,1400,0.175822,C
74 ,1405,0.173627,C
74 ,1410,0.170452,C
74 ,1415,0.168506,C
74 ,1420,0.16657,C
74 ,1425,0.164428,C
74 ,1430,0.162063,C
74 ,1435,0.160095,C
74 ,1440,0.157452,C
74 ,1445,0.154968,C
74 ,1450,0.150818,C
74 ,1470,0.145471,C
74 ,1475,0.143108,C
74 ,1500,0.133446,C
74 ,1510,0.133757,C
74 ,1520,0.13275,C
74 ,1525,0.133395,C
74 ,1550,0.123683,C
74 ,1075,0.327618,P
74 ,1125,0.300681,P
74 ,1150,0.28644,P
74 ,1175,0.277063,P
74 ,1180,0.274739,P
74 ,1200,0.265224,P
74 ,1210,0.261616,P
74 ,1225,0.25387,P
74 ,1230,0.251168,P
74 ,1240,0.247349,P
74 ,1250,0.243556,P
74 ,1270,0.234149,P
74 ,1275,0.232093,P
74 ,1290,0.224774,P
74 ,1300,0.219827,P
74 ,1310,0.215966,P
74 ,1320,0.210695,P
74 ,1325,0.209229,P
74 ,1330,0.206289,P
74 ,1350,0.197781,P
74 ,1360,0.192838,P
74 ,1370,0.187649,P
74 ,1375,0.182955,P
74 ,1390,0.179429,P
74 ,1400,0.174531,P
74 ,1410,0.170602,P
74 ,1420,0.165522,P
74 ,1425,0.163383,P
74 ,1430,0.161857,P
74 ,900,0.408324,P
73 ,1320,0.204642,C
73 ,1350,0.1906,C
73 ,1375,0.180565,C
73 ,1390,0.173895,C
73 ,1400,0.169377,C
73 ,1405,0.16726,C
73 ,1410,0.164542,C
73 ,1415,0.163254,C
73 ,1425,0.157951,C
73 ,1430,0.156189,C
73 ,1450,0.148038,C
73 ,1470,0.140601,C
73 ,1475,0.138893,C
73 ,1480,0.137165,C
73 ,1490,0.134427,C
73 ,1500,0.129222,C
73 ,1505,0.129085,C
73 ,1515,0.127215,C
73 ,1520,0.12523,C
73 ,1525,0.125047,C
73 ,1530,0.123569,C
73 ,1540,0.121684,C
73 ,1005,0.334763,P
73 ,1010,0.333109,P
73 ,1015,0.331299,P
73 ,1020,0.329349,P
73 ,1025,0.324836,P
73 ,1050,0.315288,P
73 ,1075,0.314093,P
73 ,1100,0.302775,P
73 ,1125,0.291366,P
73 ,1150,0.27975,P
73 ,1175,0.27289,P
73 ,1180,0.265772,P
73 ,1200,0.256873,P
73 ,1220,0.247731,P
73 ,1225,0.24588,P
73 ,1230,0.243404,P
73 ,1240,0.238843,P
73 ,1250,0.237478,P
73 ,1270,0.22561,P
73 ,1275,0.223448,P
73 ,1290,0.216712,P
73 ,1300,0.212661,P
73 ,1310,0.209074,P
73 ,1320,0.204005,P
73 ,1325,0.201642,P
73 ,1330,0.199774,P
73 ,1350,0.190807,P
73 ,1360,0.185921,P
73 ,1375,0.17978,P
73 ,1380,0.178059,P
73 ,1390,0.172965,P
73 ,1400,0.168276,P
73 ,1405,0.165766,P
73 ,1425,0.157098,P
73 ,1435,0.153324,P
73 ,1440,0.151036,P
73 ,1475,0.137016,P
73 ,800,0.455817,P
73 ,900,0.412795,P
46 ,1280,0.24215,C
46 ,1325,0.213781,C
46 ,1350,0.198704,C
46 ,1360,0.192596,C
46 ,1375,0.183592,C
46 ,1380,0.179933,C
46 ,1385,0.1779,C
46 ,1390,0.174272,C
46 ,1400,0.165618,C
46 ,1405,0.164903,C
46 ,1410,0.162771,C
46 ,1415,0.159971,C
46 ,1420,0.15778,C
46 ,1425,0.151101,C
46 ,1430,0.152253,C
46 ,1435,0.149673,C
46 ,1440,0.14711,C
46 ,1445,0.143946,C
46 ,1450,0.140076,C
46 ,1455,0.139146,C
46 ,1460,0.136989,C
46 ,1465,0.135733,C
46 ,1470,0.133512,C
46 ,1475,0.131512,C
46 ,1480,0.130396,C
46 ,1485,0.129105,C
46 ,1490,0.128319,C
46 ,1495,0.126515,C
46 ,1500,0.12631,C
46 ,1505,0.125692,C
46 ,1510,0.116665,C
46 ,1515,0.125462,C
46 ,1520,0.126452,C
46 ,1525,0.123638,C
46 ,1530,0.134754,C
46 ,1535,0.123338,C
46 ,1540,0.139792,C
46 ,1550,0.133147,C
46 ,1575,0.135827,C
46 ,1600,0.176712,C
46 ,1000,0.382163,P
46 ,1025,0.356719,P
46 ,1075,0.345577,P
46 ,1100,0.319064,P
46 ,1110,0.31725,P
46 ,1125,0.324574,P
46 ,1130,0.319906,P
46 ,1150,0.301869,P
46 ,1160,0.299204,P
46 ,1180,0.288166,P
46 ,1190,0.278235,P
46 ,1195,0.274647,P
46 ,1200,0.268197,P
46 ,1210,0.260151,P
46 ,1215,0.265805,P
46 ,1220,0.260588,P
46 ,1225,0.256636,P
46 ,1230,0.257457,P
46 ,1235,0.25466,P
46 ,1240,0.251287,P
46 ,1245,0.248449,P
46 ,1250,0.245394,P
46 ,1255,0.243417,P
46 ,1260,0.241138,P
46 ,1265,0.239159,P
46 ,1270,0.235758,P
46 ,1275,0.233225,P
46 ,1280,0.228356,P
46 ,1285,0.227836,P
46 ,1290,0.22497,P
46 ,1295,0.221833,P
46 ,1300,0.213132,P
46 ,1310,0.214133,P
46 ,1315,0.211454,P
46 ,1320,0.20919,P
46 ,1325,0.206557,P
46 ,1330,0.203222,P
46 ,1335,0.201586,P
46 ,1340,0.193954,P
46 ,1345,0.195114,P
46 ,1350,0.193178,P
46 ,1355,0.190488,P
46 ,1360,0.18766,P
46 ,1365,0.185527,P
46 ,1370,0.181519,P
46 ,1375,0.178716,P
46 ,1380,0.17595,P
46 ,1390,0.171193,P
46 ,1395,0.168094,P
46 ,1400,0.16234,P
46 ,1410,0.160281,P
46 ,1420,0.154205,P
46 ,1425,0.152308,P
46 ,1440,0.144643,P
46 ,1450,0.139975,P
45 ,1300,0.216675,C
45 ,1350,0.189016,C
45 ,1360,0.183756,C
45 ,1370,0.17862,C
45 ,1375,0.175988,C
45 ,1380,0.17391,C
45 ,1385,0.171533,C
45 ,1390,0.168841,C
45 ,1395,0.166078,C
45 ,1400,0.163474,C
45 ,1405,0.160738,C
45 ,1410,0.157579,C
45 ,1415,0.155281,C
45 ,1420,0.152772,C
45 ,1425,0.149472,C
45 ,1430,0.146991,C
45 ,1435,0.144799,C
45 ,1440,0.142009,C
45 ,1445,0.140132,C
45 ,1450,0.13797,C
45 ,1455,0.135125,C
45 ,1460,0.132632,C
45 ,1465,0.131893,C
45 ,1470,0.129282,C
45 ,1475,0.129919,C
45 ,1480,0.125298,C
45 ,1485,0.124493,C
45 ,1490,0.121444,C
45 ,1495,0.120526,C
45 ,1500,0.124833,C
45 ,1505,0.118882,C
45 ,1510,0.113249,C
45 ,1515,0.11902,C
45 ,1525,0.12357,C
45 ,1530,0.12549,C
45 ,1550,0.124117,C
45 ,1025,0.351916,P
45 ,1075,0.312968,P
45 ,1090,0.308775,P
45 ,1100,0.324749,P
45 ,1115,0.312991,P
45 ,1125,0.307436,P
45 ,1150,0.293214,P
45 ,1175,0.274183,P
45 ,1185,0.275259,P
45 ,1190,0.272086,P
45 ,1200,0.268216,P
45 ,1225,0.25188,P
45 ,1230,0.248862,P
45 ,1240,0.243859,P
45 ,1245,0.241748,P
45 ,1250,0.240413,P
45 ,1255,0.236675,P
45 ,1260,0.232776,P
45 ,1265,0.231844,P
45 ,1270,0.229895,P
45 ,1275,0.225925,P
45 ,1280,0.22341,P
45 ,1285,0.217996,P
45 ,1290,0.218003,P
45 ,1295,0.215576,P
45 ,1300,0.215073,P
45 ,1305,0.209323,P
45 ,1315,0.204364,P
45 ,1320,0.202318,P
45 ,1325,0.199868,P
45 ,1330,0.196677,P
45 ,1340,0.192263,P
45 ,1345,0.189251,P
45 ,1350,0.186462,P
45 ,1355,0.184453,P
45 ,1360,0.181658,P
45 ,1365,0.17926,P
45 ,1370,0.17664,P
45 ,1375,0.173231,P
45 ,1380,0.170941,P
45 ,1385,0.168082,P
45 ,1390,0.169398,P
45 ,1395,0.16271,P
45 ,1400,0.160129,P
45 ,1405,0.160275,P
45 ,1410,0.155286,P
45 ,1425,0.146826,P
45 ,1450,0.132006,P
45 ,1475,0.118455,P
45 ,750,0.551695,P
45 ,800,0.49745,P
31 ,1300,0.235225,C
31 ,1400,0.164779,C
31 ,1420,0.152884,C
31 ,1425,0.150375,C
31 ,1430,0.147367,C
31 ,1440,0.142542,C
31 ,1460,0.133765,C
31 ,1470,0.131949,C
31 ,1480,0.12994,C
31 ,1490,0.128827,C
31 ,1500,0.128102,C
31 ,1150,0.319483,P
31 ,1200,0.285058,P
31 ,1250,0.255152,P
31 ,1300,0.224502,P
31 ,1310,0.218314,P
31 ,1320,0.211052,P
31 ,1325,0.209357,P
31 ,1330,0.206107,P
31 ,1340,0.199965,P
31 ,1370,0.181268,P
31 ,1375,0.178257,P
31 ,1400,0.163645,P
31 ,1410,0.156747,P
31 ,1440,0.13778,P
30 ,1330,0.209654,C
30 ,1360,0.191707,C
30 ,1375,0.181378,C
30 ,1380,0.179023,C
30 ,1390,0.172553,C
30 ,1400,0.166208,C
30 ,1410,0.159887,C
30 ,1420,0.153524,C
30 ,1440,0.142359,C
30 ,1450,0.137297,C
30 ,1460,0.132772,C
30 ,1470,0.129573,C
30 ,1475,0.128183,C
30 ,1480,0.127507,C
30 ,1490,0.127737,C
30 ,1125,0.334472,P
30 ,1150,0.317844,P
30 ,1175,0.304909,P
30 ,1250,0.254836,P
30 ,1260,0.250794,P
30 ,1270,0.24552,P
30 ,1275,0.24231,P
30 ,1280,0.23876,P
30 ,1290,0.232205,P
30 ,1300,0.226888,P
30 ,1320,0.213959,P
30 ,1325,0.211071,P
30 ,1330,0.207193,P
30 ,1340,0.201685,P
30 ,1350,0.195189,P
30 ,1360,0.189088,P
30 ,1370,0.182944,P
30 ,1375,0.179694,P
30 ,1380,0.176382,P
30 ,1390,0.170019,P
30 ,1400,0.16373,P
30 ,1410,0.157087,P
30 ,1420,0.151962,P
30 ,1440,0.139723,P
30 ,1450,0.136096,P
24 ,1340,0.212794,C
24 ,1350,0.205382,C
24 ,1395,0.170416,C
24 ,1400,0.167119,C
24 ,1405,0.164077,C
24 ,1410,0.160513,C
24 ,1415,0.156346,C
24 ,1420,0.152955,C
24 ,1425,0.14996,C
24 ,1430,0.146972,C
24 ,1435,0.143552,C
24 ,1440,0.140527,C
24 ,1445,0.138536,C
24 ,1450,0.136311,C
24 ,1455,0.134523,C
24 ,1460,0.133526,C
24 ,1465,0.132268,C
24 ,1470,0.130868,C
24 ,1475,0.13123,C
24 ,1480,0.131382,C
24 ,1485,0.132242,C
24 ,1490,0.13444,C
24 ,1500,0.136311,C
24 ,1025,0.455455,P
24 ,1100,0.393404,P
24 ,1150,0.338346,P
24 ,1170,0.315023,P
24 ,1175,0.32059,P
24 ,1200,0.322616,P
24 ,1225,0.297862,P
24 ,1250,0.273838,P
24 ,1260,0.269581,P
24 ,1275,0.257417,P
24 ,1300,0.235192,P
24 ,1305,0.232061,P
24 ,1310,0.228416,P
24 ,1315,0.223584,P
24 ,1320,0.22041,P
24 ,1325,0.217307,P
24 ,1330,0.213611,P
24 ,1335,0.209361,P
24 ,1340,0.206209,P
24 ,1345,0.202398,P
24 ,1350,0.198939,P
24 ,1355,0.196187,P
24 ,1360,0.193541,P
24 ,1365,0.187939,P
24 ,1370,0.185401,P
24 ,1375,0.182751,P
24 ,1380,0.178784,P
24 ,1385,0.17541,P
24 ,1390,0.171779,P
24 ,1400,0.16135,P
24 ,1405,0.161176,P
24 ,1410,0.157959,P
24 ,1425,0.149156,P
24 ,1450,0.13686,P
24 ,1475,0.128475,P
24 ,1500,0.141994,P
23 ,1370,0.183718,C
23 ,1395,0.16825,C
23 ,1410,0.157792,C
23 ,1420,0.151271,C
23 ,1435,0.143422,C
23 ,1440,0.140532,C
23 ,1445,0.1377,C
23 ,1450,0.135045,C
23 ,1455,0.133826,C
23 ,1460,0.136761,C
23 ,1465,0.130045,C
23 ,1470,0.128694,C
23 ,1475,0.128329,C
23 ,1480,0.125968,C
23 ,1490,0.129482,C
23 ,1500,0.141139,C
23 ,1575,0.204059,C
23 ,1175,0.321564,P
23 ,1225,0.275692,P
23 ,1275,0.251635,P
23 ,1285,0.240311,P
23 ,1290,0.240875,P
23 ,1295,0.235663,P
23 ,1300,0.231085,P
23 ,1310,0.224105,P
23 ,1315,0.220988,P
23 ,1320,0.217287,P
23 ,1325,0.214377,P
23 ,1330,0.210191,P
23 ,1340,0.203599,P
23 ,1350,0.196908,P
23 ,1355,0.19415,P
23 ,1360,0.190107,P
23 ,1365,0.187486,P
23 ,1380,0.176969,P
23 ,1385,0.174124,P
23 ,1390,0.169826,P
23 ,1400,0.163727,P
23 ,1405,0.160636,P
23 ,925,0.525278,P
23 ,950,0.49357,P
18 ,1140,0.462467,C
18 ,1150,0.44992,C
18 ,1200,0.382299,C
18 ,1280,0.286816,C
18 ,1310,0.24498,C
18 ,1320,0.234402,C
18 ,1335,0.222907,C
18 ,1340,0.214414,C
18 ,1345,0.209809,C
18 ,1350,0.207693,C
18 ,1355,0.200166,C
18 ,1360,0.198472,C
18 ,1365,0.191693,C
18 ,1370,0.187265,C
18 ,1375,0.182747,C
18 ,1380,0.178504,C
18 ,1385,0.174375,C
18 ,1390,0.170217,C
18 ,1395,0.166333,C
18 ,1400,0.160433,C
18 ,1405,0.159238,C
18 ,1410,0.154064,C
18 ,1415,0.150352,C
18 ,1420,0.146284,C
18 ,1425,0.14365,C
18 ,1430,0.140133,C
18 ,1435,0.136665,C
18 ,1440,0.133986,C
18 ,1445,0.132256,C
18 ,1450,0.133078,C
18 ,1455,0.132276,C
18 ,1460,0.130464,C
18 ,1465,0.132476,C
18 ,1470,0.135346,C
18 ,1475,0.128881,C
18 ,1480,0.142566,C
18 ,1485,0.146643,C
18 ,1490,0.140106,C
18 ,1495,0.139032,C
18 ,1500,0.137628,C
18 ,1505,0.167859,C
18 ,1510,0.149494,C
18 ,1515,0.143161,C
18 ,1520,0.148611,C
18 ,1525,0.190674,C
18 ,1540,0.20759,C
18 ,1550,0.162167,C
18 ,1025,0.474183,P
18 ,1050,0.483788,P
18 ,1060,0.469224,P
18 ,1075,0.447583,P
18 ,1095,0.419095,P
18 ,1100,0.423688,P
18 ,1110,0.409302,P
18 ,1125,0.404553,P
18 ,1150,0.385227,P
18 ,1160,0.374858,P
18 ,1165,0.367304,P
18 ,1170,0.359769,P
18 ,1175,0.363869,P
18 ,1180,0.348796,P
18 ,1190,0.333708,P
18 ,1200,0.337339,P
18 ,1210,0.341895,P
18 ,1215,0.333698,P
18 ,1220,0.329215,P
18 ,1225,0.315455,P
18 ,1230,0.317777,P
18 ,1235,0.312579,P
18 ,1240,0.307146,P
18 ,1250,0.279849,P
18 ,1255,0.288353,P
18 ,1260,0.283374,P
18 ,1270,0.263762,P
18 ,1275,0.260589,P
18 ,1280,0.259681,P
18 ,1285,0.257761,P
18 ,1290,0.246933,P
18 ,1295,0.244906,P
18 ,1300,0.234818,P
18 ,1305,0.23711,P
18 ,1310,0.232337,P
18 ,1315,0.227615,P
18 ,1320,0.222348,P
18 ,1325,0.211052,P
18 ,1330,0.208933,P
18 ,1335,0.210025,P
18 ,1340,0.207229,P
18 ,1345,0.202375,P
18 ,1350,0.196768,P
18 ,1355,0.194891,P
18 ,1360,0.191201,P
18 ,1365,0.188133,P
18 ,1370,0.179136,P
18 ,1375,0.173,P
18 ,1380,0.175921,P
18 ,1385,0.172353,P
18 ,1390,0.167817,P
18 ,1395,0.164862,P
18 ,1400,0.160272,P
18 ,1405,0.156096,P
18 ,1410,0.153481,P
18 ,1415,0.1502,P
18 ,1420,0.147042,P
18 ,1425,0.139631,P
18 ,1430,0.141518,P
18 ,1435,0.139321,P
18 ,1440,0.137592,P
18 ,1445,0.135294,P
18 ,1450,0.134085,P
18 ,1455,0.134895,P
18 ,1470,0.135749,P
18 ,1475,0.138456,P
18 ,1500,0.160604,P
17 ,1275,0.25474,C
17 ,1300,0.233301,C
17 ,1325,0.21436,C
17 ,1350,0.199663,C
17 ,1365,0.185716,C
17 ,1370,0.184121,C
17 ,1375,0.18053,C
17 ,1380,0.174609,C
17 ,1385,0.172632,C
17 ,1390,0.169476,C
17 ,1395,0.164227,C
17 ,1400,0.163026,C
17 ,1405,0.160383,C
17 ,1410,0.155322,C
17 ,1415,0.151257,C
17 ,1420,0.147207,C
17 ,1425,0.144624,C
17 ,1430,0.141633,C
17 ,1435,0.139417,C
17 ,1440,0.137388,C
17 ,1445,0.135492,C
17 ,1450,0.133686,C
17 ,1455,0.13249,C
17 ,1460,0.131525,C
17 ,1465,0.129043,C
17 ,1470,0.12898,C
17 ,1475,0.132896,C
17 ,1480,0.134538,C
17 ,1485,0.136401,C
17 ,1490,0.141155,C
17 ,1495,0.143209,C
17 ,1500,0.146943,C
17 ,1505,0.142884,C
17 ,1510,0.152766,C
17 ,1520,0.155214,C
17 ,1550,0.180469,C
17 ,1600,0.21694,C
17 ,1650,0.262453,C
17 ,950,,C
17 ,1025,0.48831,P
17 ,1050,0.453187,P
17 ,1055,0.472922,P
17 ,1060,0.48306,P
17 ,1100,0.42398,P
17 ,1110,0.421115,P
17 ,1120,0.415701,P
17 ,1125,0.399005,P
17 ,1150,0.378432,P
17 ,1170,0.360166,P
17 ,1175,0.362017,P
17 ,1180,0.33971,P
17 ,1185,0.342158,P
17 ,1190,0.329873,P
17 ,1195,0.326907,P
17 ,1200,0.334358,P
17 ,1210,0.315331,P
17 ,1220,0.302944,P
17 ,1225,0.306114,P
17 ,1230,0.305082,P
17 ,1240,0.290823,P
17 ,1250,0.290152,P
17 ,1255,0.283114,P
17 ,1260,0.28019,P
17 ,1275,0.265776,P
17 ,1280,0.257805,P
17 ,1285,0.254692,P
17 ,1290,0.247302,P
17 ,1295,0.244027,P
17 ,1300,0.243068,P
17 ,1305,0.236162,P
17 ,1310,0.23097,P
17 ,1315,0.226495,P
17 ,1320,0.223069,P
17 ,1325,0.219851,P
17 ,1330,0.213869,P
17 ,1335,0.211754,P
17 ,1340,0.206915,P
17 ,1345,0.201307,P
17 ,1350,0.1999,P
17 ,1355,0.194564,P
17 ,1360,0.187118,P
17 ,1365,0.185927,P
17 ,1370,0.182699,P
17 ,1375,0.179699,P
17 ,1380,0.175293,P
17 ,1385,0.170932,P
17 ,1390,0.167376,P
17 ,1395,0.163519,P
17 ,1400,0.163656,P
17 ,1405,0.155719,P
17 ,1410,0.151051,P
17 ,1415,0.149629,P
17 ,1420,0.146469,P
17 ,1425,0.143334,P
17 ,1430,0.140237,P
17 ,1435,0.137262,P
17 ,1440,0.134608,P
17 ,1450,0.129387,P
17 ,1455,0.122882,P
17 ,1470,0.119006,P
10 ,1225,0.383403,C
10 ,1260,0.353753,C
10 ,1320,0.266618,C
10 ,1325,0.253886,C
10 ,1355,0.215475,C
10 ,1380,0.191905,C
10 ,1385,0.186903,C
10 ,1390,0.178523,C
10 ,1395,0.173907,C
10 ,1400,0.16895,C
10 ,1405,0.163962,C
10 ,1410,0.160393,C
10 ,1415,0.156355,C
10 ,1420,0.153553,C
10 ,1425,0.149521,C
10 ,1430,0.147045,C
10 ,1435,0.145311,C
10 ,1440,0.142624,C
10 ,1445,0.142302,C
10 ,1450,0.142335,C
10 ,1455,0.141066,C
10 ,1460,0.143675,C
10 ,1465,0.140199,C
10 ,1470,0.143441,C
10 ,1475,0.149976,C
10 ,1480,0.149919,C
10 ,1485,0.154445,C
10 ,1490,0.158012,C
10 ,1500,0.167765,C
10 ,1510,0.174744,C
10 ,1520,0.188833,C
10 ,1125,0.456845,P
10 ,1150,0.457842,P
10 ,1175,0.412682,P
10 ,1180,0.41569,P
10 ,1200,0.396325,P
10 ,1225,0.371656,P
10 ,1240,0.354304,P
10 ,1250,0.337663,P
10 ,1260,0.326409,P
10 ,1270,0.315723,P
10 ,1275,0.30516,P
10 ,1280,0.302935,P
10 ,1285,0.294037,P
10 ,1290,0.286746,P
10 ,1295,0.279092,P
10 ,1300,0.274087,P
10 ,1305,0.268301,P
10 ,1310,0.260602,P
10 ,1315,0.254759,P
10 ,1320,0.249194,P
10 ,1325,0.242788,P
10 ,1330,0.239004,P
10 ,1335,0.232439,P
10 ,1340,0.227112,P
10 ,1345,0.221299,P
10 ,1350,0.217224,P
10 ,1355,0.212182,P
10 ,1360,0.206678,P
10 ,1365,0.202331,P
10 ,1370,0.197851,P
10 ,1375,0.193757,P
10 ,1380,0.188363,P
10 ,1385,0.184209,P
10 ,1390,0.180224,P
10 ,1395,0.174961,P
10 ,1400,0.171128,P
10 ,1405,0.166126,P
10 ,1410,0.16201,P
10 ,1415,0.157434,P
10 ,1420,0.149014,P
10 ,1425,0.145946,P
10 ,1430,0.142244,P
10 ,1435,0.137904,P
10 ,1440,0.134189,P
10 ,1460,0.115175,P
10 ,1470,,P
10 ,1475,0.156172,P
10 ,1480,,P
9 ,1275,0.31599,C
9 ,1330,0.247234,C
9 ,1390,0.184255,C
9 ,1395,0.179955,C
9 ,1400,0.176346,C
9 ,1405,0.171951,C
9 ,1410,0.168383,C
9 ,1415,0.164266,C
9 ,1420,0.162156,C
9 ,1425,0.158881,C
9 ,1430,0.155941,C
9 ,1435,0.153862,C
9 ,1440,0.152572,C
9 ,1445,0.151301,C
9 ,1450,0.149305,C
9 ,1455,0.149602,C
9 ,1460,0.149917,C
9 ,1465,0.151652,C
9 ,1470,0.154975,C
9 ,1475,0.159097,C
9 ,1480,0.16165,C
9 ,1485,0.170386,C
9 ,1490,0.170097,C
9 ,1495,0.178332,C
9 ,1500,0.18035,C
9 ,1510,0.196052,C
9 ,1520,0.189303,C
9 ,1525,0.196287,C
9 ,1150,0.43788,P
9 ,1175,0.435511,P
9 ,1190,0.407068,P
9 ,1200,0.388223,P
9 ,1210,0.380682,P
9 ,1220,0.378172,P
9 ,1240,0.350537,P
9 ,1250,0.339803,P
9 ,1260,0.327014,P
9 ,1270,0.312648,P
9 ,1275,0.310654,P
9 ,1280,0.304833,P
9 ,1285,0.302787,P
9 ,1290,0.291424,P
9 ,1300,0.279547,P
9 ,1305,0.272581,P
9 ,1310,0.267842,P
9 ,1315,0.262079,P
9 ,1320,0.25544,P
9 ,1325,0.251092,P
9 ,1330,0.245492,P
9 ,1335,0.240457,P
9 ,1340,0.235646,P
9 ,1345,0.229479,P
9 ,1350,0.224524,P
9 ,1355,0.220783,P
9 ,1360,0.213764,P
9 ,1365,0.210804,P
9 ,1370,0.205715,P
9 ,1375,0.201002,P
9 ,1380,0.196314,P
9 ,1385,0.192038,P
9 ,1390,0.18847,P
9 ,1395,0.183407,P
9 ,1400,0.180338,P
9 ,1405,0.175332,P
9 ,1410,0.17121,P
9 ,1415,0.168489,P
9 ,1420,0.16257,P
9 ,1425,0.156331,P
9 ,1435,0.158336,P
9 ,1475,0.17186,P
3 ,1265,0.581073,C
3 ,1285,0.503274,C
3 ,1295,0.534555,C
3 ,1305,0.442791,C
3 ,1335,0.342745,C
3 ,1385,0.228007,C
3 ,1390,0.221348,C
3 ,1395,0.205412,C
3 ,1400,0.201727,C
3 ,1405,0.195691,C
3 ,1410,0.192433,C
3 ,1415,0.185234,C
3 ,1420,0.183358,C
3 ,1425,0.180524,C
3 ,1430,0.180274,C
3 ,1435,0.182823,C
3 ,1440,0.185405,C
3 ,1445,0.199472,C
3 ,1450,0.206141,C
3 ,1455,0.212568,C
3 ,1460,0.221994,C
3 ,1465,0.211278,C
3 ,1470,0.226573,C
3 ,1475,0.241716,C
3 ,1480,0.256716,C
3 ,1200,0.706942,P
3 ,1220,0.638398,P
3 ,1225,0.621362,P
3 ,1230,0.604364,P
3 ,1240,0.570474,P
3 ,1250,0.536715,P
3 ,1260,0.560113,P
3 ,1265,0.541741,P
3 ,1270,0.523387,P
3 ,1275,0.505049,P
3 ,1280,0.486724,P
3 ,1285,0.483801,P
3 ,1290,0.465001,P
3 ,1295,0.4462,P
3 ,1300,0.439015,P
3 ,1305,0.429528,P
3 ,1310,0.400547,P
3 ,1315,0.390303,P
3 ,1320,0.370645,P
3 ,1325,0.365074,P
3 ,1330,0.350627,P
3 ,1335,0.335177,P
3 ,1340,0.32326,P
3 ,1345,0.316615,P
3 ,1350,0.300364,P
3 ,1355,0.29066,P
3 ,1360,0.277724,P
3 ,1365,0.265772,P
3 ,1370,0.25207,P
3 ,1375,0.245209,P
3 ,1380,0.236699,P
3 ,1385,0.226676,P
3 ,1390,0.2202,P
3 ,1395,0.213752,P
3 ,1400,0.208206,P
3 ,1405,0.202,P
3 ,1410,0.196458,P
3 ,1415,0.185561,P
3 ,1420,0.184568,P
3 ,1425,0.182084,P
3 ,1430,0.168646,P
3 ,1450,,P
3 ,1460,0.272914,P
3 ,1475,0.33201,P
2 ,1280,,C
2 ,1315,,C
2 ,1370,0.316361,C
2 ,1390,0.281296,C
2 ,1395,0.258459,C
2 ,1400,0.251234,C
2 ,1405,0.24708,C
2 ,1410,0.244805,C
2 ,1415,0.241525,C
2 ,1420,0.238271,C
2 ,1425,0.237555,C
2 ,1430,0.240048,C
2 ,1435,0.248393,C
2 ,1440,0.256466,C
2 ,1445,0.272366,C
2 ,1450,0.271977,C
2 ,1455,0.282329,C
2 ,1460,0.283402,C
2 ,1465,0.305217,C
2 ,1470,0.326806,C
2 ,1475,0.348184,C
2 ,1485,0.390355,C
2 ,1495,0.431814,C
2 ,1200,0.993978,P
2 ,1225,0.87289,P
2 ,1250,0.75311,P
2 ,1260,0.7055,P
2 ,1265,0.68175,P
2 ,1270,0.658032,P
2 ,1275,0.678193,P
2 ,1280,0.68174,P
2 ,1285,0.628137,P
2 ,1290,0.629896,P
2 ,1295,0.603981,P
2 ,1300,0.578063,P
2 ,1305,0.552135,P
2 ,1310,0.526192,P
2 ,1315,0.500224,P
2 ,1320,0.504742,P
2 ,1325,0.464052,P
2 ,1330,0.460966,P
2 ,1335,0.432896,P
2 ,1340,0.413654,P
2 ,1345,0.399662,P
2 ,1350,0.387509,P
2 ,1355,0.370649,P
2 ,1360,0.357493,P
2 ,1365,0.34195,P
2 ,1370,0.328368,P
2 ,1375,0.312137,P
2 ,1380,0.300304,P
2 ,1385,0.288432,P
2 ,1390,0.281336,P
2 ,1395,0.271637,P
2 ,1400,0.266884,P
2 ,1405,0.26081,P
2 ,1410,0.261172,P
2 ,1415,0.254063,P
2 ,1420,0.255067,P
2 ,1430,0.256997,P
2 ,1435,0.265255,P
2 ,1445,0.295884,P
2 ,1455,0.340683,P
2 ,1475,0.44702,P
24,1520,0.159791,C
24,1525,0.160359,P
24,1410,0.160513,C
24,1405,0.161176,P
24,1400,0.16135,P
24,1405,0.164077,C
24,1400,0.167119,C
24,1395,0.168189,P
24,1395,0.170416,C
24,1390,0.171779,P
24,1390,0.174412,C
24,1385,0.17541,P
24,1385,0.178479,C
24,1380,0.178784,P
24,1375,0.182751,P
24,1380,0.183089,C
24,1550,0.183302,P
24,1370,0.185401,P
24,1375,0.186008,C
24,1365,0.187939,P
24,1370,0.190414,C
24,1550,0.193335,C
24,1360,0.193541,P
24,1365,0.193583,C
24,1355,0.196187,P
24,1360,0.196764,C
24,1350,0.198939,P
24,1600,0.199178,C
24,1355,0.200948,C
24,1345,0.202398,P
24,1575,0.204384,P
24,1625,0.205378,C
24,1350,0.205382,C
24,1340,0.206209,P
24,1335,0.209361,P
24,1345,0.210167,C
24,1650,0.211248,C
24,1575,0.212623,C
24,1340,0.212794,C
24,1330,0.213611,P
24,1325,0.217307,P
24,1335,0.218518,C
24,1320,0.22041,P
24,1330,0.220921,C
24,1315,0.223584,P
24,1325,0.226849,C
24,1320,0.227938,C
24,1310,0.228416,P
24,1600,0.228467,P
24,1305,0.232061,P
24,1315,0.23361,C
24,1300,0.235192,P
24,1310,0.239656,C
24,1305,0.240952,C
24,1295,0.241355,P
24,1300,0.245439,C
24,1290,0.24545,P
24,1700,0.24636,C
24,1625,0.246704,P
24,1285,0.249142,P
24,1280,0.252925,P
24,1295,0.253672,C
24,1290,0.255849,C
24,1275,0.257417,P
24,1270,0.260409,P
24,1285,0.262884,C
24,1280,0.267922,C
24,1650,0.269262,P
24,1260,0.269581,P
24,1250,0.273838,P
24,1270,0.273995,C
24,1275,0.274654,C
24,1260,0.283989,C
24,1240,0.286021,P
24,1230,0.294192,P
24,1250,0.294293,C
24,1225,0.297862,P
24,1220,0.3033,P
24,1240,0.303761,C
24,1700,0.306008,P
24,1210,0.310404,P
24,1800,0.312373,C
24,1230,0.313831,C
24,1170,0.315023,P
24,1225,0.318589,C
24,1175,0.32059,P
24,1200,0.322616,P
24,1220,0.324816,C
24,1160,0.325258,P
24,1190,0.329182,P
24,1210,0.33526,C
24,1150,0.338346,P
24,1180,0.339097,P
24,1200,0.345111,C
24,1190,0.35642,C
24,1140,0.3575,P
24,1180,0.367348,C
24,1130,0.370914,P
24,1125,0.374586,P
24,1175,0.37498,C
24,1170,0.377863,C
24,1800,0.387116,P
24,1160,0.390523,C
24,1080,0.392899,P
24,1100,0.393404,P
24,1150,0.400292,C
24,1070,0.405589,P
24,1120,0.409948,P
24,1140,0.415412,C
24,1050,0.423332,P
24,1130,0.424555,C
24,1110,0.426465,P
24,1125,0.432106,C
24,1120,0.436427,C
24,1090,0.443068,P
24,1110,0.448108,C
24,1025,0.455455,P
24,1075,0.458858,P
24,1100,0.459584,C
24,1090,0.474721,C
24,1020,0.478023,P
24,1060,0.480349,P
24,1080,0.485984,C
24,1000,0.488232,P
24,1075,0.489415,C
24,1070,0.497003,C
24,1040,0.506098,P
24,1060,0.512261,C
24,925,0.51486,P
24,1030,0.517221,P
24,1050,0.527631,C
24,950,0.530157,P
24,1040,0.538401,C
24,1010,0.546584,P
24,900,0.54664,P
24,1030,0.548869,C
24,1025,0.556612,C
24,1020,0.564386,C
24,875,0.579244,P
24,1010,0.58003,C
24,975,0.595055,P
24,1000,0.595804,C
24,850,0.612729,P
24,975,0.629935,C
24,825,0.647153,P
24,950,0.670579,C
24,800,0.68258,P
24,925,0.705369,C
24,900,0.740168,C
24,875,0.783262,C
24,850,0.827523,C
24,700,0.83583,P
24,825,0.873036,C
24,800,0.919887,C
24,600,1.012196,P
24,700,1.111758,C
24,600,1.330378,C
24,450,1.341244,P
24,400,1.476293,P
24,450,1.743864,C
24,400,1.899194,C
30,1510,0.096189,P
30,1500,0.119362,P
30,1490,0.122175,P
30,1470,0.123814,P
30,1480,0.124495,P
30,1520,0.125496,P
30,1475,0.126031,P
30,1480,0.127507,C
30,1490,0.127737,C
30,1475,0.128183,C
30,1500,0.128432,C
30,1470,0.129573,C
30,1510,0.129991,C
30,1460,0.13131,P
30,1460,0.132772,C
30,1520,0.133859,C
30,1525,0.135015,C
30,1450,0.136096,P
30,1450,0.137297,C
30,1440,0.139723,P
30,1440,0.142359,C
30,1430,0.146516,P
30,1425,0.147627,P
30,1430,0.14782,C
30,1550,0.150101,C
30,1425,0.150597,C
30,1420,0.151962,P
30,1420,0.153524,C
30,1410,0.157087,P
30,1410,0.159887,C
30,1400,0.16373,P
30,1575,0.164134,C
30,1400,0.166208,C
30,1390,0.170019,P
30,1390,0.172553,C
30,1380,0.176382,P
30,1380,0.179023,C
30,1600,0.1791,C
30,1375,0.179694,P
30,1375,0.181378,C
30,1370,0.182944,P
30,1370,0.184681,C
30,1360,0.189088,P
30,1360,0.191707,C
30,1350,0.195189,P
30,1625,0.197542,C
30,1350,0.198027,C
30,1340,0.201685,P
30,1340,0.20391,C
30,1330,0.207193,P
30,1330,0.209654,C
30,1325,0.211071,P
30,1320,0.213959,P
30,1325,0.214153,C
30,1320,0.215628,C
30,1310,0.220434,P
30,1310,0.221719,C
30,1300,0.226888,P
30,1300,0.228341,C
30,1290,0.232205,P
30,1290,0.234586,C
30,1280,0.238203,C
30,1280,0.23876,P
30,1275,0.24231,P
30,1275,0.244312,C
30,1270,0.24552,P
30,1270,0.248549,C
30,1260,0.250794,P
30,1260,0.254256,C
30,1250,0.254836,P
30,1250,0.261658,C
30,1240,0.264101,P
30,1240,0.267901,C
30,1230,0.270542,P
30,1225,0.273688,P
30,1230,0.27555,C
30,1220,0.276532,P
30,1225,0.278289,C
30,1210,0.283039,P
30,1220,0.285266,C
30,1200,0.289444,P
30,1210,0.292848,C
30,1200,0.295774,C
30,1190,0.295899,P
30,1190,0.303068,C
30,1175,0.304909,P
30,1175,0.316079,C
30,1150,0.317844,P
30,1125,0.334472,P
30,1150,0.33494,C
30,1125,0.352837,C
30,1100,0.35557,P
30,1100,0.370745,C
31,1500,0.100787,P
31,1520,0.103841,P
31,1510,0.109603,P
31,1490,0.11727,P
31,1475,0.119564,P
31,1480,0.120812,P
31,1470,0.121483,P
31,1460,0.126447,P
31,1500,0.128102,C
31,1490,0.128827,C
31,1510,0.12977,C
31,1480,0.12994,C
31,1475,0.130098,C
31,1520,0.131702,C
31,1470,0.131949,C
31,1450,0.132333,P
31,1525,0.1331,C
31,1460,0.133765,C
31,1440,0.13778,P
31,1450,0.137854,C
31,1440,0.142542,C
31,1430,0.144441,P
31,1425,0.14655,P
31,1430,0.147367,C
31,1550,0.148723,C
31,1420,0.150125,P
31,1425,0.150375,C
31,1420,0.152884,C
31,1410,0.156747,P
31,1410,0.159124,C
31,1575,0.163504,C
31,1400,0.163645,P
31,1400,0.164779,C
31,1390,0.16967,P
31,1390,0.171159,C
31,1600,0.174889,C
31,1380,0.175523,P
31,1380,0.178075,C
31,1375,0.178257,P
31,1375,0.180881,C
31,1370,0.181268,P
31,1370,0.183626,C
31,1360,0.187327,P
31,1360,0.192454,C
31,1625,0.193032,C
31,1350,0.193813,P
31,1350,0.199346,C
31,1340,0.199965,P
31,1340,0.205986,C
31,1330,0.206107,P
31,1325,0.209357,P
31,1320,0.211052,P
31,1330,0.211295,C
31,1325,0.215777,C
31,1310,0.218314,P
31,1320,0.218347,C
31,1300,0.224502,P
31,1310,0.225211,C
31,1290,0.230287,P
31,1300,0.235225,C
31,1290,0.235355,C
31,1280,0.236658,P
31,1275,0.239261,P
31,1280,0.242323,C
31,1270,0.242334,P
31,1275,0.248515,C
31,1260,0.248867,P
31,1270,0.249569,C
31,1250,0.255152,P
31,1260,0.256475,C
31,1240,0.260697,P
31,1250,0.266275,C
31,1230,0.267625,P
31,1225,0.269931,P
31,1240,0.270896,C
31,1220,0.273471,P
31,1230,0.277684,C
31,1225,0.280668,C
31,1210,0.280736,P
31,1220,0.284789,C
31,1200,0.285058,P
31,1210,0.292488,C
31,1190,0.293548,P
31,1200,0.299375,C
31,1175,0.30394,P
31,1190,0.311019,C
31,1150,0.319483,P
31,1175,0.323159,C
31,1125,0.337549,P
31,1150,0.339063,C
31,1100,0.347508,P
31,1125,0.358871,C
31,1100,0.391102,C
45,1500,0.095393,P
45,1505,0.096833,P
45,1495,0.10749,P
45,1490,0.111504,P
45,1510,0.113249,C
45,1485,0.115147,P
45,1480,0.118406,P
45,1475,0.118455,P
45,1505,0.118882,C
45,1515,0.11902,C
45,1520,0.119588,C
45,1495,0.120526,C
45,1470,0.121373,P
45,1490,0.121444,C
45,1525,0.12357,C
45,1550,0.124117,C
45,1485,0.124493,C
45,1500,0.124833,C
45,1480,0.125298,C
45,1530,0.12549,C
45,1465,0.125694,P
45,1460,0.126904,P
45,1470,0.129282,C
45,1545,0.129382,C
45,1475,0.129919,C
45,1455,0.130955,P
45,1465,0.131893,C
45,1450,0.132006,P
45,1535,0.132427,C
45,1460,0.132632,C
45,1540,0.133206,C
45,1455,0.135125,C
45,1445,0.135153,P
45,1450,0.13797,C
45,1440,0.138799,P
45,1555,0.139508,C
45,1445,0.140132,C
45,1560,0.140188,C
45,1575,0.140973,C
45,1435,0.141713,P
45,1440,0.142009,C
45,1600,0.143538,C
45,1430,0.144281,P
45,1435,0.144799,C
45,1565,0.145287,C
45,1570,0.145607,C
45,1425,0.146826,P
45,1430,0.146991,C
45,1425,0.149472,C
45,1420,0.149634,P
45,1415,0.151649,P
45,1580,0.152541,C
45,1420,0.152772,C
45,1415,0.155281,C
45,1410,0.155286,P
45,1410,0.157579,C
45,1625,0.158319,C
45,1400,0.160129,P
45,1405,0.160275,P
45,1405,0.160738,C
45,1395,0.16271,P
45,1400,0.163474,C
45,1395,0.166078,C
45,1650,0.166224,C
45,1385,0.168082,P
45,1390,0.168841,C
45,1390,0.169398,P
45,1380,0.170941,P
45,1385,0.171533,C
45,1375,0.173231,P
45,1380,0.17391,C
45,1375,0.175988,C
45,1370,0.17664,P
45,1370,0.17862,C
45,1365,0.17926,P
45,1365,0.181296,C
45,1360,0.181658,P
45,1700,0.182092,C
45,1360,0.183756,C
45,1355,0.184453,P
45,1350,0.186462,P
45,1355,0.187525,C
45,1350,0.189016,C
45,1345,0.189251,P
45,1345,0.191576,C
45,1340,0.192263,P
45,1340,0.194013,C
45,1335,0.194862,P
45,1330,0.196677,P
45,1335,0.196686,C
45,1330,0.199294,C
45,1325,0.199868,P
45,1325,0.201858,C
45,1320,0.202318,P
45,1315,0.204364,P
45,1320,0.2044,C
45,1315,0.206946,C
45,1310,0.207651,P
45,1305,0.209323,P
45,1310,0.209522,C
45,1305,0.211728,C
45,1300,0.215073,P
45,1295,0.215576,P
45,1300,0.216675,C
45,1285,0.217996,P
45,1290,0.218003,P
45,1295,0.219146,C
45,1290,0.219806,C
45,1285,0.223013,C
45,1280,0.22341,P
45,1275,0.225925,P
45,1280,0.228065,C
45,1270,0.229895,P
45,1275,0.230816,C
45,1265,0.231844,P
45,1260,0.232776,P
45,1270,0.233275,C
45,1265,0.233602,C
45,1255,0.236675,P
45,1260,0.23912,C
45,1250,0.240413,P
45,1245,0.241748,P
45,1255,0.241978,C
45,1240,0.243859,P
45,1245,0.243994,C
45,1250,0.244581,C
45,1235,0.246071,P
45,1230,0.248862,P
45,1240,0.250455,C
45,1235,0.250654,C
45,1225,0.25188,P
45,1230,0.252853,C
45,1220,0.254693,P
45,1225,0.255647,C
45,1220,0.258212,C
45,1215,0.259294,P
45,1215,0.26053,C
45,1210,0.261229,P
45,1205,0.26341,P
45,1210,0.264634,C
45,1200,0.268216,P
45,1195,0.268767,P
45,1200,0.269203,C
45,1205,0.271758,C
45,1190,0.272086,P
45,1175,0.274183,P
45,1185,0.275259,P
45,1190,0.276411,C
45,1195,0.277469,C
45,1185,0.278538,C
45,1180,0.28176,C
45,1180,0.282405,P
45,1170,0.283788,P
45,1165,0.286253,P
45,1160,0.287626,P
45,1155,0.289575,P
45,1175,0.290334,C
45,1150,0.293214,P
45,1170,0.2935,C
45,1145,0.294709,P
45,1165,0.297963,C
45,1140,0.298068,P
45,1150,0.299298,C
45,1160,0.300884,C
45,1110,0.300904,P
45,1145,0.301268,C
45,1135,0.301315,P
45,1155,0.303636,C
45,1130,0.304441,P
45,1140,0.306935,C
45,1125,0.307436,P
45,1090,0.308775,P
45,1120,0.310291,P
45,1130,0.312131,C
45,1075,0.312968,P
45,1115,0.312991,P
45,1125,0.313296,C
45,1095,0.314499,P
45,1085,0.316213,P
45,1105,0.316306,P
45,1080,0.316379,P
45,1135,0.318303,C
45,1115,0.319641,C
45,1100,0.324749,P
45,1065,0.32596,P
45,1120,0.327704,C
45,1105,0.328184,C
45,1055,0.3296,P
45,1060,0.330996,P
45,1095,0.333692,C
45,1110,0.334781,C
45,1085,0.33853,C
45,1040,0.340951,P
45,1050,0.341124,P
45,1030,0.342528,P
45,1100,0.343871,C
45,1075,0.346155,C
45,1090,0.350317,C
45,1025,0.351916,P
45,1065,0.35354,C
45,1060,0.355131,C
45,1080,0.356275,C
45,1050,0.357369,C
45,1045,0.360071,P
45,1045,0.362846,C
45,1035,0.370651,P
45,1025,0.374322,C
45,1030,0.374345,C
45,1055,0.375412,C
45,1020,0.381187,P
45,1000,0.381534,P
45,1010,0.384691,C
45,1040,0.385318,C
45,1015,0.389339,P
45,1005,0.390227,C
45,1035,0.391004,C
45,990,0.391873,C
45,1005,0.39418,P
45,1010,0.394712,P
45,985,0.397419,C
45,975,0.397989,P
45,980,0.402993,C
45,1020,0.40417,C
45,995,0.4049,P
45,1015,0.409916,C
45,990,0.410294,P
45,950,0.411864,P
45,985,0.41571,P
45,950,0.415917,C
45,980,0.417793,P
45,1000,0.41822,C
45,995,0.42399,C
45,970,0.428669,P
45,925,0.430251,C
45,975,0.436585,C
45,925,0.437899,P
45,875,0.441527,C
45,970,0.442405,C
45,900,0.45647,P
45,875,0.461428,P
45,850,0.47469,C
45,850,0.487966,P
45,800,0.49745,P
45,900,0.50514,C
45,825,0.515243,P
45,775,0.524151,P
45,750,0.551695,P
45,725,0.58014,P
45,825,0.580817,C
45,750,0.656375,C
45,725,0.692963,C
45,700,0.730854,C
45,700,0.742766,P
45,675,0.77109,P
45,650,0.808532,P
45,625,0.847423,P
45,600,0.85523,C
45,600,0.887889,P
45,575,0.901124,C
45,575,0.930074,P
45,500,0.938399,P
45,550,0.949042,C
45,550,0.97414,P
45,525,1.02027,P
45,400,1.078038,P
45,450,1.099305,C
45,475,1.119611,P
45,450,1.173355,P
45,400,1.226821,C
45,300,1.320451,P
45,300,1.423255,C
46,1510,0.116665,C
46,1540,0.118166,P
46,1520,0.11919,P
46,1510,0.119491,P
46,1525,0.119548,P
46,1515,0.119739,P
46,1580,0.119953,P
46,1555,0.120225,P
46,1535,0.120479,P
46,1565,0.120552,P
46,1625,0.121076,P
46,1530,0.121416,P
46,1550,0.121528,P
46,1545,0.121807,P
46,1505,0.121853,P
46,1490,0.121869,P
46,1500,0.122045,P
46,1535,0.123338,C
46,1525,0.123638,C
46,1560,0.1237,P
46,1495,0.123898,P
46,1570,0.123959,P
46,1515,0.125462,C
46,1505,0.125692,C
46,1500,0.12631,C
46,1485,0.126432,P
46,1520,0.126452,C
46,1495,0.126515,C
46,1575,0.127354,P
46,1480,0.128251,P
46,1490,0.128319,C
46,1485,0.129105,C
46,1475,0.13003,P
46,1480,0.130396,C
46,1475,0.131512,C
46,1470,0.132151,P
46,1550,0.133147,C
46,1465,0.133275,P
46,1470,0.133512,C
46,1460,0.133945,P
46,1530,0.134754,C
46,1465,0.135733,C
46,1575,0.135827,C
46,1455,0.136293,P
46,1460,0.136989,C
46,1455,0.139146,C
46,1540,0.139792,C
46,1450,0.139975,P
46,1450,0.140076,C
46,1445,0.141066,P
46,1545,0.142921,C
46,1445,0.143946,C
46,1440,0.144643,P
46,1435,0.146147,P
46,1440,0.14711,C
46,1560,0.147689,C
46,1555,0.147986,C
46,1430,0.148822,P
46,1435,0.149673,C
46,1425,0.151101,C
46,1565,0.151401,C
46,1430,0.152253,C
46,1425,0.152308,P
46,1420,0.154205,P
46,1570,0.155088,C
46,1415,0.157733,P
46,1420,0.15778,C
46,1415,0.159971,C
46,1410,0.160281,P
46,1400,0.16234,P
46,1580,0.162388,C
46,1405,0.162411,P
46,1410,0.162771,C
46,1405,0.164903,C
46,1400,0.165618,C
46,1395,0.168094,P
46,1390,0.171193,P
46,1395,0.172175,C
46,1385,0.173984,P
46,1390,0.174272,C
46,1380,0.17595,P
46,1600,0.176712,C
46,1385,0.1779,C
46,1375,0.178716,P
46,1380,0.179933,C
46,1370,0.181519,P
46,1375,0.183592,C
46,1365,0.185527,P
46,1370,0.186776,C
46,1360,0.18766,P
46,1365,0.18864,C
46,1700,0.190081,C
46,1355,0.190488,P
46,1360,0.192596,C
46,1350,0.193178,P
46,1340,0.193954,P
46,1625,0.194139,C
46,1355,0.194374,C
46,1345,0.195114,P
46,1350,0.198704,C
46,1345,0.200192,C
46,1335,0.201586,P
46,1330,0.203222,P
46,1340,0.204413,C
46,1325,0.206557,P
46,1335,0.207328,C
46,1330,0.209182,C
46,1320,0.20919,P
46,1650,0.20963,C
46,1315,0.211454,P
46,1300,0.213132,P
46,1325,0.213781,C
46,1310,0.214133,P
46,1320,0.215221,C
46,1305,0.216885,P
46,1315,0.219615,C
46,1310,0.221046,C
46,1295,0.221833,P
46,1305,0.224479,C
46,1290,0.22497,P
46,1285,0.227836,P
46,1280,0.228356,P
46,1300,0.228895,C
46,1295,0.230512,C
46,1275,0.233225,P
46,1270,0.235758,P
46,1290,0.235791,C
46,1285,0.236761,C
46,1265,0.239159,P
46,1260,0.241138,P
46,1280,0.24215,C
46,1255,0.243417,P
46,1250,0.245394,P
46,1275,0.245447,C
46,1245,0.248449,P
46,1270,0.248509,C
46,1265,0.2497,C
46,1240,0.251287,P
46,1260,0.252756,C
46,1235,0.25466,P
46,1255,0.256168,C
46,1225,0.256636,P
46,1230,0.257457,P
46,1250,0.25999,C
46,1210,0.260151,P
46,1220,0.260588,P
46,1205,0.262865,P
46,1245,0.263019,C
46,1215,0.265805,P
46,1240,0.265829,C
46,1200,0.268197,P
46,1235,0.272481,C
46,1195,0.274647,P
46,1230,0.276385,C
46,1190,0.278235,P
46,1225,0.279433,C
46,1220,0.283032,C
46,1215,0.283346,C
46,1185,0.284109,P
46,1210,0.287335,C
46,1180,0.288166,P
46,1175,0.290214,P
46,1205,0.290359,C
46,1170,0.293362,P
46,1200,0.294086,C
46,1155,0.29625,P
46,1165,0.296362,P
46,1195,0.297687,C
46,1160,0.299204,P
46,1190,0.301156,C
46,1150,0.301869,P
46,1180,0.308692,C
46,1185,0.309323,C
46,1145,0.310853,P
46,1175,0.312816,C
46,1140,0.314861,P
46,1135,0.316127,P
46,1170,0.316857,C
46,1110,0.31725,P
46,1100,0.319064,P
46,1130,0.319906,P
46,1165,0.32081,C
46,1090,0.32455,P
46,1125,0.324574,P
46,1160,0.324673,C
46,1120,0.327226,P
46,1155,0.32844,C
46,1115,0.329704,P
46,1085,0.329786,P
46,1080,0.333213,P
46,1150,0.333338,C
46,1065,0.33632,P
46,1105,0.336398,P
46,1145,0.336945,C
46,1140,0.340444,C
46,1060,0.341463,P
46,1055,0.341626,P
46,1095,0.342658,P
46,1135,0.345184,C
46,1075,0.345577,P
46,1050,0.346744,P
46,1040,0.348328,P
46,1130,0.348502,C
46,1125,0.351693,C
46,1030,0.355191,P
46,1120,0.356254,C
46,1025,0.356719,P
46,1115,0.360775,C
46,1110,0.365254,C
46,1105,0.368068,C
46,1095,0.378432,C
46,1100,0.380513,C
46,1045,0.381539,P
46,1000,0.382163,P
46,1090,0.382733,C
46,1085,0.386986,C
46,1035,0.38706,P
46,1080,0.38932,C
46,1075,0.395334,C
46,975,0.399344,P
46,1020,0.399534,P
46,1015,0.405039,P
46,1065,0.405461,C
46,950,0.408087,P
46,1060,0.409496,C
46,1010,0.410567,P
46,1055,0.41347,C
46,1005,0.416116,P
46,1050,0.419526,C
46,1045,0.421221,C
46,995,0.422757,P
46,1040,0.427277,C
46,990,0.428325,P
46,1035,0.433355,C
46,925,0.433819,P
46,985,0.433916,P
46,980,0.437088,P
46,1030,0.437125,C
46,1025,0.440821,C
46,900,0.442817,P
46,1020,0.446924,C
46,970,0.448338,P
46,1015,0.450539,C
46,1010,0.456668,C
46,1005,0.462822,C
46,1000,0.466353,C
46,875,0.468955,P
46,995,0.46979,C
46,990,0.475972,C
46,985,0.482181,C
46,980,0.485521,C
46,975,0.491759,C
46,825,0.493059,P
46,850,0.49579,P
46,970,0.498024,C
46,950,0.51701,C
46,800,0.537957,P
46,925,0.545628,C
46,775,0.547682,P
46,725,0.5743,P
46,900,0.574645,C
46,750,0.576271,P
46,875,0.604091,C
46,850,0.633993,C
46,825,0.686092,C
46,800,0.700281,C
46,775,0.732123,C
46,750,0.770151,C
46,700,0.782298,P
46,725,0.80369,C
46,675,0.825304,P
46,700,0.84418,C
46,650,0.859867,P
46,675,0.886154,C
46,625,0.900886,P
46,500,0.928474,P
46,650,0.929731,C
46,600,0.943568,P
46,625,0.968185,C
46,575,0.988066,P
46,600,1.007766,C
46,550,1.034552,P
46,575,1.056538,C
46,400,1.066474,P
46,525,1.083222,P
46,550,1.107544,C
46,525,1.161001,C
46,475,1.188059,P
46,500,1.217162,C
46,450,1.244792,P
46,475,1.2672,C
46,300,1.306107,P
46,450,1.319504,C
46,400,1.454734,C
46,300,1.761965,C
73,1550,0.104029,P
73,1570,0.106038,P
73,1560,0.109912,P
73,1535,0.11244,P
73,1545,0.115147,P
73,1550,0.115243,C
73,1530,0.115349,P
73,1540,0.11688,P
73,1545,0.118313,C
73,1520,0.119472,P
73,1525,0.120235,P
73,1540,0.121684,C
73,1535,0.12208,C
73,1530,0.123569,C
73,1515,0.123905,P
73,1525,0.125047,C
73,1520,0.12523,C
73,1510,0.125434,P
73,1500,0.12661,P
73,1505,0.126768,P
73,1560,0.127013,C
73,1510,0.127194,C
73,1515,0.127215,C
73,1600,0.127511,C
73,1570,0.128732,C
73,1505,0.129085,C
73,1575,0.12919,C
73,1500,0.129222,C
73,1580,0.130264,C
73,1490,0.131856,P
73,1490,0.134427,C
73,1480,0.134877,P
73,1475,0.137016,P
73,1480,0.137165,C
73,1470,0.137686,P
73,1475,0.138893,C
73,1470,0.140601,C
73,1460,0.141747,P
73,1460,0.143925,C
73,1450,0.145987,P
73,1625,0.146625,C
73,1450,0.148038,C
73,1445,0.148218,P
73,1445,0.149767,C
73,1440,0.151036,P
73,1440,0.151672,C
73,1435,0.153324,P
73,1435,0.154177,C
73,1650,0.154379,C
73,1430,0.155337,P
73,1430,0.156189,C
73,1425,0.157098,P
73,1675,0.157263,C
73,1425,0.157951,C
73,1420,0.159866,P
73,1420,0.160102,C
73,1415,0.162185,P
73,1415,0.163254,C
73,1410,0.163874,P
73,1410,0.164542,C
73,1700,0.165411,C
73,1405,0.165766,P
73,1405,0.16726,C
73,1400,0.168276,P
73,1400,0.169377,C
73,1390,0.172965,P
73,1390,0.173895,C
73,1380,0.177785,C
73,1750,0.177993,C
73,1380,0.178059,P
73,1375,0.17978,P
73,1375,0.180565,C
73,1370,0.181581,P
73,1370,0.182178,C
73,1360,0.185921,P
73,1360,0.186345,C
73,1350,0.1906,C
73,1350,0.190807,P
73,1800,0.190905,C
73,1340,0.19506,C
73,1340,0.195244,P
73,1850,0.198066,C
73,1330,0.199774,P
73,1330,0.200348,C
73,1325,0.201496,C
73,1325,0.201642,P
73,1320,0.204005,P
73,1320,0.204642,C
73,1310,0.208972,C
73,1310,0.209074,P
73,1300,0.212661,P
73,1300,0.21316,C
73,1900,0.215175,C
73,1290,0.216712,P
73,1290,0.217281,C
73,1280,0.220457,C
73,1275,0.223448,P
73,1280,0.223633,P
73,1275,0.224135,C
73,1270,0.224984,C
73,1270,0.22561,P
73,1260,0.228686,C
73,1260,0.23003,P
73,1250,0.233033,C
73,1250,0.237478,P
73,1240,0.238843,P
73,1240,0.239075,C
73,1230,0.243404,P
73,1230,0.243711,C
73,1225,0.245773,C
73,1225,0.24588,P
73,1220,0.247652,C
73,1220,0.247731,P
73,1210,0.251832,C
73,1210,0.252356,P
73,1200,0.256384,C
73,1200,0.256873,P
73,1190,0.260742,P
73,1190,0.260881,C
73,1180,0.265376,C
73,1180,0.265772,P
73,1175,0.267397,C
73,1175,0.27289,P
73,1160,0.273904,C
73,1160,0.274899,P
73,1150,0.277993,C
73,1150,0.27975,P
73,1130,0.282197,C
73,1140,0.282302,C
73,1140,0.283662,P
73,1125,0.284128,C
73,1120,0.285901,C
73,1130,0.288751,P
73,1125,0.291366,P
73,1120,0.29388,P
73,1110,0.295694,C
73,1110,0.298575,P
73,1100,0.299804,C
73,1080,0.301713,C
73,925,0.301845,C
73,1100,0.302775,P
73,1075,0.303348,C
73,1090,0.304609,C
73,1070,0.304804,C
73,920,0.307572,C
73,1090,0.307647,P
73,1060,0.31077,C
73,1080,0.31207,P
73,1075,0.314093,P
73,1050,0.315288,P
73,1035,0.315435,C
73,1040,0.31548,C
73,1070,0.317426,P
73,1060,0.317643,P
73,1025,0.319585,C
73,1020,0.321463,C
73,1050,0.322042,C
73,940,0.322897,C
73,1045,0.32313,C
73,950,0.324055,C
73,1010,0.324764,C
73,1025,0.324836,P
73,1005,0.326148,C
73,1035,0.328062,P
73,995,0.328265,C
73,1045,0.328269,P
73,995,0.328779,P
73,975,0.3288,C
73,1030,0.329283,C
73,985,0.329289,C
73,1020,0.329349,P
73,1030,0.330584,P
73,960,0.330665,C
73,1040,0.331149,P
73,990,0.331212,P
73,1015,0.331299,P
73,1010,0.333109,P
73,1005,0.334763,P
73,985,0.335576,P
73,1015,0.336598,C
73,980,0.339957,P
73,1000,0.340123,C
73,975,0.344358,P
73,970,0.344531,P
73,990,0.346565,C
73,860,0.346897,C
73,980,0.349494,C
73,1000,0.350148,P
73,970,0.351588,C
73,900,0.362041,C
73,960,0.365552,P
73,880,0.369574,C
73,875,0.37477,C
73,940,0.379935,P
73,950,0.381892,P
73,920,0.394074,P
73,925,0.395889,P
73,900,0.412795,P
73,825,0.418696,P
73,875,0.420029,P
73,850,0.420149,P
73,880,0.421318,P
73,860,0.43088,P
73,775,0.45557,P
73,800,0.455817,P
73,750,0.479312,P
73,725,0.491413,P
73,700,0.499242,P
73,675,0.524136,P
73,650,0.549953,P
73,600,0.57379,P
73,625,0.671611,P
73,550,0.716871,P
73,500,0.729279,P
73,575,0.73712,P
73,525,0.808612,P
73,400,0.882139,P
73,300,1.026672,P
73,200,1.295597,P
73,100,1.766539,P
74,1550,0.123683,C
74,1600,0.128945,C
74,1535,0.130249,C
74,1540,0.130503,C
74,1575,0.130576,P
74,1545,0.130775,C
74,1530,0.130931,C
74,1515,0.132536,C
74,1535,0.132597,P
74,1530,0.132718,P
74,1540,0.132737,P
74,1520,0.13275,C
74,1545,0.133255,P
74,1525,0.133395,C
74,1550,0.133435,P
74,1500,0.133446,C
74,1525,0.133566,P
74,1510,0.133757,C
74,1560,0.133781,C
74,1510,0.133803,P
74,1520,0.134418,P
74,1560,0.134576,P
74,1515,0.134767,P
74,1570,0.135051,C
74,1505,0.135443,C
74,1570,0.135554,P
74,1500,0.136123,P
74,1505,0.13667,P
74,1575,0.136864,C
74,1490,0.138494,C
74,1580,0.138572,C
74,1580,0.139307,P
74,1490,0.140083,P
74,1480,0.141747,P
74,1480,0.141836,C
74,1475,0.143108,C
74,1475,0.144391,P
74,1470,0.14509,P
74,1470,0.145471,C
74,1600,0.145562,P
74,1460,0.149734,C
74,1460,0.150079,P
74,1450,0.150818,C
74,1650,0.152498,P
74,1450,0.153622,P
74,1625,0.154604,P
74,1445,0.154968,C
74,1445,0.155017,P
74,1625,0.157198,C
74,1440,0.157452,C
74,1440,0.157702,P
74,1435,0.15905,P
74,1435,0.160095,C
74,1430,0.161857,P
74,1430,0.162063,C
74,1425,0.163383,P
74,1425,0.164428,C
74,1420,0.165522,P
74,1650,0.16646,C
74,1420,0.16657,C
74,1415,0.167858,P
74,1415,0.168506,C
74,1410,0.170452,C
74,1410,0.170602,P
74,1405,0.172351,P
74,1405,0.173627,C
74,1400,0.174531,P
74,1675,0.175166,P
74,1400,0.175822,C
74,1675,0.179344,C
74,1390,0.179429,P
74,1390,0.179944,C
74,1375,0.182955,P
74,1380,0.183364,P
74,1380,0.184739,C
74,1700,0.185585,P
74,1375,0.187066,C
74,1370,0.187649,P
74,1370,0.189502,C
74,1700,0.191908,C
74,1360,0.192838,P
74,1360,0.193906,C
74,1350,0.197781,P
74,1350,0.19869,C
74,1340,0.202327,P
74,1340,0.203994,C
74,1330,0.206289,P
74,1330,0.208059,C
74,1750,0.208163,P
74,1325,0.209229,P
74,1320,0.210695,P
74,1325,0.211052,C
74,1320,0.21283,C
74,1310,0.215966,P
74,1750,0.216161,C
74,1310,0.217447,C
74,1300,0.219827,P
74,1300,0.222253,C
74,1290,0.224774,P
74,1290,0.226784,C
74,1280,0.228913,P
74,1800,0.229512,P
74,1280,0.231694,C
74,1275,0.232093,P
74,1270,0.234149,P
74,1275,0.234335,C
74,1270,0.238096,C
74,1260,0.239027,P
74,1800,0.239362,C
74,1260,0.241539,C
74,1250,0.243556,P
74,1850,0.245299,P
74,1250,0.246634,C
74,1240,0.247349,P
74,1230,0.251168,P
74,1240,0.252989,C
74,1225,0.25387,P
74,1220,0.257326,P
74,1230,0.258053,C
74,1225,0.260567,C
74,1210,0.261616,P
74,1850,0.26162,C
74,1220,0.262935,C
74,1200,0.265224,P
74,1210,0.26582,C
74,1900,0.268944,P
74,1190,0.270251,P
74,1200,0.270791,C
74,1180,0.274739,P
74,1190,0.276247,C
74,1175,0.277063,P
74,1180,0.280665,C
74,1900,0.283025,C
74,1160,0.283178,P
74,1175,0.283227,C
74,1150,0.28644,P
74,1160,0.2908,C
74,1140,0.294393,P
74,1150,0.296131,C
74,1130,0.29776,P
74,1125,0.300681,P
74,1140,0.301746,C
74,1120,0.303521,P
74,1130,0.306973,C
74,1110,0.307996,P
74,1125,0.309824,C
74,1100,0.312462,P
74,1120,0.31581,C
74,1110,0.317837,C
74,1090,0.320221,P
74,1100,0.323605,C
74,1080,0.325062,P
74,1050,0.327331,P
74,1075,0.327618,P
74,1090,0.329045,C
74,1070,0.330079,P
74,1060,0.334022,P
74,1080,0.335168,C
74,1075,0.33705,C
74,1025,0.337914,P
74,1070,0.339908,C
74,1020,0.34048,P
74,1045,0.342188,P
74,1015,0.342961,P
74,1010,0.343043,P
74,1040,0.343978,P
74,1005,0.345234,P
74,1035,0.347215,P
74,1030,0.348757,P
74,995,0.349261,P
74,1050,0.350536,C
74,990,0.351073,P
74,1060,0.351202,C
74,985,0.352733,P
74,1045,0.354281,C
74,1040,0.356658,C
74,1000,0.358027,P
74,980,0.358766,P
74,1035,0.358928,C
74,975,0.360325,P
74,970,0.361704,P
74,1030,0.363963,C
74,1025,0.36611,C
74,1020,0.369657,C
74,1010,0.375055,C
74,1005,0.378463,C
74,1015,0.379187,C
74,1000,0.380119,C
74,950,0.381746,P
74,995,0.385166,C
74,990,0.386645,C
74,985,0.38984,C
74,960,0.391178,P
74,980,0.394906,C
74,925,0.395954,P
74,975,0.396087,C
74,970,0.401165,C
74,940,0.403595,P
74,960,0.407209,C
74,900,0.408324,P
74,950,0.413012,C
74,920,0.413474,P
74,875,0.420933,P
74,940,0.420947,C
74,925,0.428909,C
74,825,0.430105,P
74,850,0.430787,P
74,920,0.434087,C
74,880,0.445094,P
74,900,0.446479,C
74,800,0.459358,P
74,880,0.461267,C
74,775,0.462349,P
74,860,0.462933,P
74,875,0.463197,C
74,860,0.475684,C
74,750,0.476649,P
74,850,0.48272,C
74,725,0.500992,P
74,825,0.506155,C
74,700,0.51326,P
74,800,0.525394,C
74,675,0.538742,P
74,775,0.544049,C
74,650,0.565168,P
74,750,0.567937,C
74,600,0.570398,P
74,725,0.592227,C
74,700,0.616922,C
74,675,0.64203,C
74,650,0.66755,C
74,625,0.702433,C
74,625,0.711278,P
74,500,0.724821,P
74,600,0.729692,C
74,575,0.757491,C
74,575,0.780161,P
74,550,0.796905,C
74,550,0.816891,P
74,525,0.838197,C
74,525,0.859943,P
74,500,0.870182,C
74,400,0.876607,P
74,300,1.020102,P
74,400,1.025012,C
74,300,1.240281,C
74,200,1.287143,P
74,200,1.546005,C
74,100,1.754792,P
74,100,2.084466,C
108,1600,0.100026,P
108,1575,0.110346,P
108,1560,0.117612,P
108,1550,0.123951,P
108,1540,0.127219,P
108,1575,0.127224,C
108,1560,0.128777,C
108,1600,0.129198,C
108,1625,0.129398,C
108,1550,0.12957,C
108,1525,0.130077,P
108,1540,0.133022,C
108,1520,0.133073,P
108,1510,0.136104,P
108,1525,0.136231,C
108,1650,0.136443,C
108,1505,0.136728,P
108,1520,0.137207,C
108,1510,0.139255,C
108,1500,0.139368,P
108,1495,0.140024,P
108,1505,0.140822,C
108,1500,0.142244,C
108,1700,0.143671,C
108,1495,0.143771,C
108,1675,0.144561,C
108,1480,0.145433,P
108,1475,0.148144,P
108,1480,0.148372,C
108,1475,0.150582,C
108,1460,0.15273,P
108,1750,0.154298,C
108,1775,0.155103,C
108,1460,0.155599,C
108,1450,0.15656,P
108,1450,0.159343,C
108,1440,0.160868,P
108,1725,0.163065,C
108,1440,0.163067,C
108,1800,0.163154,C
108,1425,0.165976,P
108,1425,0.167816,C
108,1420,0.168408,P
108,1420,0.170251,C
108,1850,0.17261,C
108,1400,0.176419,P
108,1400,0.176641,C
108,1900,0.177203,C
108,1395,0.178203,P
108,1395,0.179779,C
108,1390,0.180246,P
108,1390,0.181675,C
108,1385,0.181886,P
108,1385,0.18401,C
108,1380,0.184306,P
108,1380,0.185276,C
108,1375,0.185827,P
108,1375,0.18699,C
108,1370,0.187636,P
108,1370,0.188997,C
108,1360,0.191998,P
108,1360,0.192722,C
108,1350,0.195016,P
108,1350,0.196505,C
108,1340,0.199023,P
108,1340,0.2015,C
108,2000,0.203837,C
108,1325,0.204657,P
108,1325,0.206732,C
108,1320,0.207656,P
108,1320,0.207845,C
108,1300,0.21494,P
108,1300,0.216061,C
108,2050,0.216537,C
108,1280,0.222568,P
108,1280,0.223873,C
108,1275,0.224658,P
108,1275,0.225554,C
108,1260,0.230313,P
108,1260,0.230364,C
108,1250,0.233428,P
108,1250,0.235079,C
108,1240,0.237262,P
108,1240,0.238779,C
108,1225,0.243142,P
108,1220,0.244744,P
108,1225,0.244863,C
108,1220,0.246541,C
108,1200,0.252653,P
108,1200,0.254122,C
108,1180,0.260753,P
108,1180,0.261803,C
108,1175,0.26183,P
108,1175,0.263709,C
108,2250,0.263795,C
108,1150,0.271647,P
108,1150,0.273163,C
108,1125,0.282063,P
108,1125,0.283565,C
108,1100,0.292201,P
108,1100,0.293658,C
108,1075,0.30177,P
108,1075,0.30382,C
108,1050,0.31261,P
108,1050,0.31382,C
108,2500,0.316268,C
108,1025,0.317832,P
108,1025,0.324068,C
108,1000,0.327847,P
108,1000,0.334103,C
108,975,0.335372,P
108,975,0.345548,C
108,950,0.347137,C
108,925,0.34837,P
108,950,0.352667,P
108,925,0.35605,C
108,900,0.358922,P
108,875,0.368887,P
108,875,0.372498,C
108,900,0.376042,C
108,825,0.379875,C
108,850,0.382287,P
108,850,0.398208,C
108,3000,0.404997,C
108,825,0.407161,P
108,800,0.414096,C
108,775,0.421567,C
108,800,0.422618,P
108,775,0.423621,P
108,750,0.432517,C
108,750,0.438636,P
108,725,0.452897,P
108,700,0.470938,P
108,675,0.483399,P
108,650,0.500577,P
108,625,0.517332,P
108,525,0.539736,P
108,600,0.550042,P
108,575,0.558903,P
108,550,0.560515,P
108,500,0.565738,P
108,475,0.593088,P
108,450,0.621934,P
108,425,0.652456,P
108,400,0.684864,P
108,350,0.756397,P
108,300,0.839291,P
108,250,0.937859,P
108,225,0.995116,P
108,200,1.059405,P
108,150,1.217812,P
108,100,1.444863,P
109,1625,0.129694,C
109,1575,0.133499,P
109,1600,0.133581,P
109,1625,0.133917,P
109,1575,0.13485,C
109,1600,0.135074,C
109,1560,0.135234,P
109,1560,0.135477,C
109,1650,0.135856,P
109,1550,0.136382,P
109,1550,0.138162,C
109,1540,0.138237,P
109,1540,0.13876,C
109,1525,0.140044,P
109,1525,0.141819,C
109,1700,0.142344,C
109,1520,0.142412,P
109,1520,0.142653,C
109,1675,0.142929,P
109,1510,0.143638,P
109,1505,0.145327,P
109,1650,0.145385,C
109,1510,0.145492,C
109,1750,0.145609,C
109,1700,0.145676,P
109,1505,0.146115,C
109,1500,0.146627,P
109,1725,0.146997,C
109,1500,0.148124,C
109,1495,0.148964,P
109,1495,0.149042,C
109,1725,0.149095,P
109,1900,0.152812,P
109,1775,0.153489,P
109,1480,0.153623,P
109,1775,0.153785,C
109,1675,0.153972,C
109,1480,0.15417,C
109,1475,0.154712,P
109,1750,0.155546,P
109,1475,0.156063,C
109,1460,0.159583,P
109,1460,0.16145,C
109,1800,0.161801,C
109,1450,0.163811,P
109,1450,0.164752,C
109,1800,0.166086,P
109,1440,0.167508,P
109,1440,0.168805,C
109,1850,0.171601,P
109,1425,0.172472,P
109,1425,0.173616,C
109,1420,0.17443,P
109,1420,0.175418,C
109,1900,0.175837,C
109,1850,0.177384,C
109,1400,0.18271,P
109,1400,0.183924,C
109,1395,0.184092,P
109,2000,0.185089,P
109,1395,0.185491,C
109,1390,0.186408,P
109,1385,0.188,P
109,1390,0.188162,C
109,1385,0.189778,C
109,1380,0.190546,P
109,1380,0.192014,C
109,1375,0.192378,P
109,1375,0.194042,C
109,1370,0.19468,P
109,1370,0.195862,C
109,1360,0.197823,P
109,1360,0.199756,C
109,1350,0.201914,P
109,2000,0.202351,C
109,1350,0.203924,C
109,1340,0.20598,P
109,1340,0.207351,C
109,1325,0.211761,P
109,1320,0.21366,P
109,1325,0.213817,C
109,2050,0.214994,C
109,1320,0.215959,C
109,1300,0.220984,P
109,1300,0.224143,C
109,1280,0.229156,P
109,1275,0.23089,P
109,1280,0.232209,C
109,1275,0.234254,C
109,1260,0.237096,P
109,1260,0.240267,C
109,1250,0.240473,P
109,1250,0.244339,C
109,1240,0.245107,P
109,1240,0.249713,C
109,1225,0.250635,P
109,1220,0.252697,P
109,1225,0.255936,C
109,1220,0.25673,C
109,1200,0.260706,P
109,2250,0.262038,C
109,1200,0.266522,C
109,1180,0.268535,P
109,1175,0.27057,P
109,1180,0.273726,C
109,1175,0.27593,C
109,1150,0.279914,P
109,1150,0.288637,C
109,1125,0.290046,P
109,1100,0.299711,P
109,1125,0.300223,C
109,1100,0.311645,C
109,1075,0.311743,P
109,1050,0.313583,P
109,2500,0.314272,C
109,1025,0.322883,P
109,1075,0.323817,C
109,1050,0.332804,C
109,1000,0.335969,P
109,975,0.344627,P
109,1025,0.345152,C
109,950,0.352541,P
109,1000,0.357581,C
109,925,0.358878,P
109,900,0.368005,P
109,975,0.370397,C
109,875,0.378515,P
109,950,0.384012,C
109,850,0.388446,P
109,925,0.397695,C
109,3000,0.402593,C
109,825,0.405911,P
109,900,0.411639,C
109,775,0.419096,P
109,800,0.423425,P
109,875,0.426103,C
109,750,0.429596,P
109,850,0.441436,C
109,725,0.442289,P
109,825,0.458075,C
109,700,0.469324,P
109,800,0.47424,C
109,675,0.475576,P
109,775,0.492365,C
109,650,0.498804,P
109,625,0.506996,P
109,750,0.507381,C
109,575,0.515726,P
109,600,0.521065,P
109,725,0.527908,C
109,525,0.537702,P
109,550,0.540472,P
109,700,0.548655,C
109,500,0.563582,P
109,675,0.5696,C
109,475,0.590801,P
109,650,0.594925,C
109,625,0.616638,C
109,450,0.619511,P
109,600,0.6385,C
109,425,0.649889,P
109,575,0.671281,C
109,400,0.682143,P
109,550,0.694529,C
109,525,0.724255,C
109,350,0.753338,P
109,500,0.755253,C
109,475,0.787693,C
109,450,0.821706,C
109,300,0.835841,P
109,425,0.865484,C
109,400,0.895315,C
109,250,0.933943,P
109,350,0.988151,C
109,225,0.99093,P
109,200,1.054916,P
109,300,1.096091,C
109,250,1.212552,C
109,150,1.212577,P
109,225,1.293611,C
109,200,1.355707,C
109,100,1.43856,P
109,150,1.561076,C
109,100,1.85871,C
117,1575,0.11336,P
117,1550,0.123556,P
117,1600,0.123954,C
117,1575,0.127528,C
117,1625,0.128618,C
117,1525,0.130264,P
117,1550,0.131348,C
117,1650,0.135417,C
117,1525,0.137057,C
117,1500,0.139957,P
117,1500,0.142404,C
117,1475,0.14852,P
117,1700,0.15052,C
117,1475,0.151812,C
117,1800,0.156295,C
117,1450,0.15754,P
117,1450,0.160391,C
117,1425,0.166909,P
117,1750,0.168049,C
117,1425,0.169358,C
117,1400,0.176305,P
117,1400,0.178164,C
117,1375,0.185458,P
117,1375,0.188089,C
117,1350,0.195118,P
117,1350,0.197451,C
117,1850,0.201569,C
117,1325,0.204552,P
117,1325,0.206597,C
117,1300,0.21373,P
117,1300,0.21664,C
117,1275,0.223349,P
117,1275,0.224735,C
117,1250,0.232384,P
117,1250,0.234057,C
117,1225,0.241591,P
117,1225,0.243879,C
117,1200,0.251405,P
117,1200,0.252952,C
117,1175,0.260649,P
117,1175,0.262257,C
117,1150,0.269267,P
117,1150,0.272104,C
117,1125,0.278451,P
117,1125,0.281515,C
117,1100,0.288528,P
117,1100,0.291818,C
117,1075,0.296823,P
117,1075,0.30158,C
117,1050,0.30785,P
117,1050,0.311654,C
117,1025,0.318185,P
117,1025,0.321848,C
117,1000,0.325432,P
117,1000,0.332626,C
117,975,0.337956,P
117,975,0.343599,C
117,950,0.344551,P
117,950,0.353966,C
117,925,0.358724,P
117,900,0.362889,P
117,925,0.365165,C
117,900,0.371112,C
117,875,0.378316,P
117,875,0.38147,C
117,850,0.38694,P
117,850,0.397078,C
117,650,0.408676,C
117,800,0.410201,C
117,800,0.41513,P
117,750,0.424098,C
117,700,0.444194,C
117,750,0.44875,P
117,700,0.487098,P
117,550,0.5183,P
117,650,0.526533,P
117,500,0.540532,P
117,600,0.574546,P
117,450,0.594253,P
117,400,0.654411,P
118,1650,0.114575,P
118,1625,0.121116,P
118,1600,0.125516,P
118,1575,0.129363,P
118,1550,0.134187,P
118,1600,0.135512,C
118,1575,0.136816,C
118,1625,0.137248,C
118,1550,0.138847,C
118,1525,0.139805,P
118,1525,0.143131,C
118,1650,0.145767,C
118,1500,0.147952,P
118,1500,0.149148,C
118,1475,0.155429,P
118,1475,0.156928,C
118,1700,0.16241,C
118,1450,0.16323,P
118,1450,0.165188,C
118,1425,0.172162,P
118,1425,0.174753,C
118,1750,0.180724,C
118,1400,0.181885,P
118,1400,0.184372,C
118,1375,0.190797,P
118,1375,0.193906,C
118,1800,0.198746,C
118,1350,0.199717,P
118,1350,0.20373,C
118,1325,0.209729,P
118,1325,0.213915,C
118,1850,0.216822,C
118,1300,0.219107,P
118,1300,0.22354,C
118,1275,0.228831,P
118,1275,0.234,C
118,1250,0.238056,P
118,1250,0.244352,C
118,1225,0.247524,P
118,1225,0.254666,C
118,1200,0.257652,P
118,1200,0.264929,C
118,1175,0.266961,P
118,1175,0.27565,C
118,1150,0.277149,P
118,1125,0.286549,P
118,1150,0.286776,C
118,1100,0.296262,P
118,1125,0.297696,C
118,1075,0.308022,P
118,1100,0.30918,C
118,1050,0.318046,P
118,1075,0.321306,C
118,1025,0.328797,P
118,1050,0.333498,C
118,1000,0.340987,P
118,1025,0.346694,C
118,975,0.351728,P
118,1000,0.357905,C
118,950,0.362804,P
118,975,0.371462,C
118,925,0.374038,P
118,950,0.384842,C
118,900,0.385037,P
118,925,0.400179,C
118,875,0.400251,P
118,850,0.413016,P
118,900,0.414883,C
118,875,0.43006,C
118,800,0.440665,P
118,850,0.445959,C
118,750,0.475032,P
118,800,0.481171,C
118,700,0.516091,P
118,750,0.517447,C
118,500,0.538688,P
118,700,0.560264,C
118,650,0.563009,P
118,450,0.592176,P
118,650,0.607308,C
118,600,0.613065,P
118,400,0.652074,P
118,600,0.656827,C
118,550,0.669509,P
118,550,0.716575,C
118,500,0.777747,C
118,450,0.849248,C
118,400,0.929148,C
136,1600,0.099024,P
136,1575,0.11804,P
136,1625,0.126743,C
136,1550,0.127711,P
136,1650,0.131039,C
136,1600,0.131191,C
136,1575,0.131232,C
136,1525,0.134937,P
136,1675,0.137015,C
136,1550,0.137686,C
136,1525,0.142773,C
136,1700,0.143664,C
136,1500,0.144249,P
136,1725,0.15061,C
136,1500,0.151212,C
136,1475,0.153344,P
136,1475,0.157879,C
136,1750,0.158171,C
136,1450,0.161969,P
136,1775,0.165404,C
136,1450,0.166354,C
136,1425,0.170929,P
136,1800,0.172312,C
136,1425,0.174446,C
136,1400,0.179289,P
136,1400,0.182705,C
136,1375,0.189239,P
136,1375,0.19265,C
136,1350,0.197608,P
136,1350,0.20109,C
136,1325,0.207448,P
136,1325,0.20925,C
136,1300,0.216123,P
136,1300,0.219227,C
136,1275,0.224914,P
136,1275,0.228783,C
136,1250,0.233789,P
136,1250,0.238157,C
136,1225,0.242853,P
136,1225,0.246669,C
136,1200,0.251657,P
136,1200,0.254531,C
136,1175,0.261174,P
136,1175,0.266267,C
136,1150,0.269869,P
136,1150,0.275797,C
136,1125,0.279318,P
136,1125,0.284079,C
136,1100,0.289012,P
136,1100,0.293838,C
136,1075,0.298018,P
136,1075,0.303803,C
136,1050,0.308024,P
136,1050,0.314399,C
136,1025,0.317368,P
136,1025,0.32267,C
136,1000,0.32749,P
136,975,0.335805,P
136,1000,0.335975,C
136,975,0.344598,C
136,950,0.345555,P
136,925,0.349897,P
136,950,0.351788,C
136,900,0.357011,P
136,875,0.365305,P
136,925,0.367521,C
136,850,0.368744,P
136,825,0.374925,P
136,900,0.379667,C
136,800,0.385633,P
136,875,0.38933,C
136,775,0.394594,P
136,850,0.401526,C
136,825,0.414238,C
136,800,0.427831,C
136,750,0.430019,P
136,775,0.44056,C
136,725,0.446037,P
136,750,0.454669,C
136,725,0.467951,C
136,700,0.47932,P
136,675,0.479763,P
136,700,0.483449,C
136,675,0.498383,C
136,650,0.500428,P
136,650,0.512484,C
136,625,0.518848,P
136,625,0.530478,C
136,600,0.540514,P
136,600,0.548354,C
136,575,0.562843,P
136,575,0.565945,C
136,550,0.583023,C
136,550,0.585887,P
136,525,0.599196,C
136,525,0.609704,P
136,500,0.624303,C
136,500,0.638655,P
136,400,0.720986,C
136,400,0.766346,P
136,300,0.849665,C
136,300,0.938069,P
136,200,1.057888,C
136,200,1.176184,P
136,100,1.421938,C
136,100,1.622214,P
137,1675,0.090636,P
137,1650,0.117314,P
137,1625,0.124386,P
137,1600,0.129746,P
137,1575,0.133926,P
137,1625,0.138361,C
137,1600,0.139095,C
137,1550,0.140852,P
137,1575,0.141001,C
137,1650,0.141436,C
137,1550,0.144739,C
137,1525,0.145803,P
137,1675,0.147077,C
137,1525,0.147394,C
137,1500,0.152487,P
137,1700,0.153872,C
137,1500,0.155866,C
137,1475,0.160168,P
137,1725,0.161981,C
137,1475,0.162731,C
137,1450,0.168888,P
137,1750,0.169699,C
137,1450,0.171346,C
137,1425,0.176863,P
137,1775,0.177836,C
137,1425,0.179764,C
137,1400,0.185713,P
137,1800,0.187361,C
137,1400,0.188679,C
137,1375,0.19426,P
137,1375,0.198272,C
137,1350,0.203807,P
137,1350,0.207131,C
137,1325,0.212441,P
137,1325,0.217035,C
137,1300,0.221443,P
137,1300,0.225415,C
137,1275,0.230308,P
137,1275,0.235663,C
137,1250,0.239116,P
137,1250,0.245292,C
137,1225,0.247901,P
137,1225,0.256174,C
137,1200,0.257902,P
137,1200,0.265941,C
137,1175,0.266621,P
137,1175,0.275462,C
137,1150,0.275903,P
137,1150,0.28565,C
137,1125,0.285678,P
137,1100,0.294925,P
137,1125,0.297776,C
137,1075,0.303786,P
137,1100,0.306873,C
137,1050,0.315038,P
137,1075,0.31796,C
137,1025,0.324189,P
137,1050,0.329752,C
137,1000,0.334581,P
137,1025,0.343762,C
137,975,0.345558,P
137,1000,0.353494,C
137,925,0.354442,P
137,950,0.355897,P
137,900,0.363187,P
137,975,0.369102,C
137,875,0.371937,P
137,950,0.379329,C
137,850,0.38293,P
137,825,0.391289,P
137,925,0.396602,C
137,800,0.399559,P
137,775,0.406533,P
137,900,0.411223,C
137,875,0.426163,C
137,850,0.442615,C
137,750,0.455091,P
137,825,0.458794,C
137,725,0.470953,P
137,800,0.47587,C
137,775,0.494104,C
137,700,0.501092,P
137,675,0.50836,P
137,750,0.512327,C
137,650,0.529175,P
137,725,0.532104,C
137,625,0.550487,P
137,700,0.55207,C
137,675,0.574091,C
137,600,0.57445,P
137,650,0.59659,C
137,575,0.5993,P
137,625,0.619594,C
137,550,0.625122,P
137,600,0.645459,C
137,525,0.652012,P
137,575,0.672233,C
137,500,0.682774,P
137,550,0.700015,C
137,525,0.728899,C
137,500,0.746541,C
137,400,0.820783,P
137,400,0.909869,C
137,300,1.004131,P
137,300,1.106252,C
137,200,1.262906,P
137,200,1.364326,C
137,100,1.732362,P
137,100,1.862875,C
192,1700,0.095997,P
192,1675,0.111661,P
192,1675,0.126479,C
192,1700,0.127408,C
192,1650,0.127446,P
192,1625,0.133026,P
192,1600,0.136513,P
192,1650,0.136614,C
192,1625,0.137619,C
192,1725,0.137741,C
192,1750,0.142018,C
192,1600,0.142132,C
192,1575,0.142651,P
192,1575,0.146242,C
192,1775,0.147049,C
192,1550,0.149608,P
192,1550,0.152097,C
192,1800,0.152439,C
192,1525,0.156008,P
192,1525,0.158618,C
192,1500,0.162256,P
192,1850,0.163118,C
192,1500,0.16486,C
192,1475,0.169523,P
192,1475,0.171628,C
192,1900,0.174974,C
192,1450,0.176729,P
192,1450,0.178841,C
192,1425,0.183913,P
192,1425,0.18608,C
192,1950,0.18746,C
192,1400,0.191917,P
192,1400,0.193554,C
192,2000,0.199516,C
192,1375,0.200004,P
192,1375,0.201015,C
192,1350,0.207198,P
192,1350,0.208613,C
192,1325,0.215199,P
192,1325,0.216253,C
192,1300,0.223289,P
192,1300,0.223819,C
192,1275,0.230447,P
192,1275,0.231595,C
192,1250,0.238225,P
192,1250,0.239279,C
192,1225,0.246359,P
192,1225,0.247478,C
192,1200,0.254104,P
192,1200,0.254188,C
192,1190,0.258485,P
192,1190,0.258834,C
192,1180,0.261067,P
192,1180,0.261106,C
192,1175,0.26324,P
192,1175,0.263317,C
192,1170,0.264748,P
192,1170,0.264864,C
192,1150,0.271336,P
192,1150,0.272061,C
192,1125,0.278862,C
192,1125,0.279048,P
192,1100,0.285739,C
192,1100,0.285964,P
192,1075,0.292676,C
192,1075,0.294431,P
192,1050,0.301937,P
192,1050,0.302268,C
192,1025,0.308323,C
192,1025,0.310562,P
192,1000,0.318006,C
192,1000,0.319297,P
192,975,0.326075,P
192,975,0.327821,C
192,950,0.334501,P
192,950,0.33643,C
192,925,0.341719,C
192,925,0.342538,P
192,900,0.34715,C
192,900,0.352919,P
192,875,0.353994,C
192,875,0.359176,P
192,850,0.362968,P
192,850,0.366096,C
192,825,0.373611,P
192,825,0.37959,C
192,625,0.381037,C
192,800,0.38231,C
192,775,0.38628,P
192,750,0.388663,C
192,775,0.39095,C
192,800,0.391372,P
192,725,0.394917,C
192,575,0.399286,C
192,750,0.408857,P
192,675,0.40898,P
192,700,0.41172,C
192,675,0.417042,C
192,725,0.418207,P
192,600,0.420132,C
192,650,0.422148,C
192,700,0.428916,P
192,650,0.430657,P
192,625,0.443297,P
192,575,0.451569,P
192,600,0.466649,P
192,525,0.486746,P
192,550,0.490584,P
192,500,0.492987,P
192,475,0.509475,P
192,450,0.541726,P
192,425,0.551311,P
192,400,0.554226,P
192,350,0.592823,P
192,300,0.657928,P
192,200,0.789602,P
192,100,1.077563,P
193,1700,0.133327,C
193,1675,0.136355,C
193,1700,0.143163,P
193,1625,0.143453,C
193,1725,0.143687,P
193,1750,0.14476,P
193,1650,0.145009,P
193,1650,0.146102,C
193,1775,0.146362,P
193,1725,0.146707,C
193,1675,0.146865,P
193,1600,0.147406,C
193,1625,0.148689,P
193,1800,0.149799,P
193,1600,0.150471,P
193,1575,0.15154,C
193,1750,0.152355,C
193,1850,0.153147,P
193,1575,0.15427,P
193,1550,0.15673,C
193,1900,0.157266,P
193,1775,0.158009,C
193,1550,0.160701,P
193,1800,0.164981,C
193,1525,0.165066,C
193,1525,0.165122,P
193,1950,0.168059,P
193,1500,0.171237,C
193,1500,0.171881,P
193,1850,0.176345,C
193,1475,0.177936,C
193,2000,0.178375,P
193,1475,0.178408,P
193,1450,0.184789,P
193,1450,0.185363,C
193,1900,0.189454,C
193,1425,0.191902,P
193,1425,0.192577,C
193,1400,0.197384,P
193,1400,0.200172,C
193,1950,0.20196,C
193,1375,0.206593,P
193,1375,0.208516,C
193,1350,0.214678,P
193,2000,0.214735,C
193,1350,0.21638,C
193,1325,0.222124,P
193,1325,0.224012,C
193,1300,0.230255,P
193,1300,0.231942,C
193,1275,0.237683,P
193,1275,0.239602,C
193,1250,0.245812,P
193,1250,0.248156,C
193,1225,0.253198,P
193,1225,0.255867,C
193,1200,0.261204,P
193,1200,0.264609,C
193,1190,0.265005,P
193,1190,0.268023,C
193,1180,0.268168,P
193,1175,0.269248,P
193,1180,0.271163,C
193,1170,0.271244,P
193,1175,0.272919,C
193,1170,0.274612,C
193,1150,0.276722,P
193,1150,0.282194,C
193,1125,0.28582,P
193,1125,0.28991,C
193,1100,0.293377,P
193,1100,0.29836,C
193,1075,0.301399,P
193,1075,0.307144,C
193,1050,0.309313,P
193,1050,0.316256,C
193,1025,0.317645,P
193,1000,0.326356,P
193,1025,0.326653,C
193,1000,0.334449,C
193,975,0.335774,P
193,975,0.343464,C
193,950,0.344379,P
193,925,0.353121,P
193,950,0.353393,C
193,900,0.362232,P
193,925,0.362654,C
193,850,0.368042,P
193,875,0.370633,P
193,900,0.372865,C
193,825,0.381796,P
193,875,0.383867,C
193,800,0.393121,P
193,775,0.39441,P
193,850,0.39744,C
193,825,0.405159,C
193,750,0.410571,P
193,800,0.416351,C
193,725,0.418518,P
193,675,0.421446,P
193,650,0.428159,P
193,700,0.428305,P
193,775,0.428557,C
193,625,0.433564,P
193,750,0.445481,C
193,725,0.452926,C
193,575,0.458031,P
193,600,0.46147,P
193,550,0.468189,P
193,700,0.473398,C
193,525,0.485898,P
193,675,0.488798,C
193,650,0.495521,C
193,500,0.4983,P
193,475,0.515763,P
193,625,0.520572,C
193,450,0.533177,P
193,600,0.539071,C
193,425,0.550268,P
193,400,0.553161,P
193,575,0.555614,C
193,550,0.579093,C
193,350,0.591644,P
193,525,0.598438,C
193,500,0.620791,C
193,475,0.646915,C
193,300,0.656576,P
193,450,0.674301,C
193,425,0.703112,C
193,400,0.733527,C
193,350,0.800083,C
193,200,0.829169,P
193,300,0.886572,C
193,100,1.075085,P
193,200,1.112029,C
193,100,1.516059,C
204,1675,0.111013,P
204,1650,0.124777,P
204,1625,0.13277,P
204,1700,0.133578,C
204,1675,0.138051,C
204,1750,0.139164,C
204,1600,0.139194,P
204,1650,0.140752,C
204,1625,0.143157,C
204,1575,0.145295,P
204,1600,0.147559,C
204,1800,0.147865,C
204,1575,0.151312,C
204,1550,0.15177,P
204,1550,0.156762,C
204,1850,0.158187,C
204,1525,0.158398,P
204,1525,0.162874,C
204,1500,0.165797,P
204,1500,0.168956,C
204,1475,0.171753,P
204,1475,0.175606,C
204,1450,0.179978,P
204,1450,0.182886,C
204,1425,0.186569,P
204,1425,0.189766,C
204,1400,0.19474,P
204,1400,0.197305,C
204,1375,0.201917,P
204,1375,0.20487,C
204,1350,0.209575,P
204,1350,0.211842,C
204,1325,0.217243,P
204,1325,0.219458,C
204,1300,0.224926,P
204,1300,0.22778,C
204,1275,0.232609,P
204,1275,0.23476,C
204,1250,0.239948,P
204,1250,0.242081,C
204,1225,0.247614,P
204,1225,0.249893,C
204,1200,0.255928,P
204,1200,0.25733,C
204,1175,0.262829,P
204,1175,0.265289,C
204,1150,0.270646,P
204,1150,0.274132,C
204,1125,0.278514,P
204,1125,0.280755,C
204,1100,0.286418,P
204,1100,0.288137,C
204,1075,0.293491,P
204,1075,0.298078,C
204,1050,0.301481,P
204,1050,0.303573,C
204,1025,0.309905,P
204,1025,0.311554,C
204,1000,0.317614,P
204,1000,0.320921,C
204,975,0.324949,P
204,975,0.329062,C
204,950,0.33291,P
204,950,0.33614,C
204,925,0.34089,P
204,925,0.346072,C
204,900,0.350886,P
204,900,0.354349,C
204,875,0.3571,P
204,875,0.361746,C
204,850,0.367375,P
204,850,0.376926,C
204,800,0.384517,P
204,800,0.390309,C
204,750,0.397339,P
204,750,0.409872,C
204,700,0.419431,P
204,700,0.428066,C
204,600,0.462666,P
204,600,0.467049,C
204,500,0.507886,C
204,500,0.535305,P
204,400,0.540698,C
204,400,0.636591,P
205,1750,0.125639,P
205,1700,0.13483,P
205,1675,0.138563,P
205,1650,0.141895,P
205,1700,0.145467,C
205,1625,0.145544,P
205,1675,0.147099,C
205,1650,0.148023,C
205,1750,0.148803,C
205,1600,0.149645,P
205,1625,0.15002,C
205,1600,0.153715,C
205,1575,0.15442,P
205,1575,0.157174,C
205,1800,0.15891,C
205,1550,0.159811,P
205,1550,0.162158,C
205,1525,0.165733,P
205,1525,0.167799,C
205,1850,0.170379,C
205,1500,0.173106,P
205,1500,0.174142,C
205,1475,0.178709,P
205,1475,0.180979,C
205,1450,0.185123,P
205,1450,0.18829,C
205,1425,0.193323,P
205,1425,0.195199,C
205,1400,0.200525,P
205,1400,0.202995,C
205,1375,0.207943,P
205,1375,0.210436,C
205,1350,0.215823,P
205,1350,0.218246,C
205,1325,0.223167,P
205,1325,0.226318,C
205,1300,0.23084,P
205,1300,0.234262,C
205,1275,0.23857,P
205,1275,0.242027,C
205,1250,0.245859,P
205,1250,0.249524,C
205,1225,0.253662,P
205,1225,0.258047,C
205,1200,0.261458,P
205,1200,0.26633,C
205,1175,0.269099,P
205,1175,0.274901,C
205,1150,0.277167,P
205,1150,0.282844,C
205,1125,0.284887,P
205,1125,0.291275,C
205,1100,0.292604,P
205,1100,0.299576,C
205,1075,0.300518,P
205,1050,0.308009,P
205,1075,0.308918,C
205,1025,0.316101,P
205,1050,0.316129,C
205,1000,0.324111,P
205,1025,0.325973,C
205,975,0.333388,P
205,1000,0.335362,C
205,950,0.341882,P
205,975,0.344659,C
205,925,0.349948,P
205,950,0.354382,C
205,900,0.35871,P
205,925,0.365249,C
205,875,0.367978,P
205,900,0.374233,C
205,850,0.376681,P
205,875,0.385252,C
205,800,0.395217,P
205,850,0.396027,C
205,750,0.41864,P
205,800,0.420613,C
205,700,0.439113,P
205,750,0.446925,C
205,700,0.474253,C
205,600,0.487846,P
205,600,0.540748,C
205,500,0.567678,P
205,500,0.619163,C
205,400,0.673622,P
205,400,0.737923,C
290,1725,0.121173,P
290,1700,0.134949,P
290,1800,0.141058,C
290,1650,0.143003,P
290,1725,0.144683,C
290,1625,0.148276,P
290,1700,0.1486,C
290,1650,0.152556,C
290,1900,0.153405,C
290,1600,0.154688,P
290,1625,0.15683,C
290,2000,0.158293,C
290,1600,0.161349,C
290,1575,0.161527,P
290,1575,0.16581,C
290,1550,0.166021,P
290,1550,0.170854,C
290,1525,0.172112,P
290,1525,0.17624,C
290,1500,0.177603,P
290,1495,0.17887,P
290,1490,0.18081,P
290,1500,0.181636,C
290,1485,0.181757,P
290,1495,0.182891,C
290,1480,0.182936,P
290,1490,0.183604,C
290,1475,0.184668,P
290,1485,0.184994,C
290,1480,0.186394,C
290,1475,0.187265,C
290,1450,0.190685,P
290,1445,0.191951,P
290,1450,0.193561,C
290,1445,0.195365,C
290,1425,0.197277,P
290,1425,0.200354,C
290,1400,0.204436,P
290,1400,0.206208,C
290,1375,0.210861,P
290,1375,0.212686,C
290,1350,0.217298,P
290,1350,0.219929,C
290,1325,0.223777,P
290,1325,0.225978,C
290,1300,0.23066,P
290,1300,0.233086,C
290,1275,0.23721,P
290,1275,0.238396,C
290,1250,0.243883,P
290,1250,0.245292,C
290,1225,0.250456,P
290,1225,0.251861,C
290,1200,0.257444,P
290,1200,0.257782,C
290,1175,0.263212,P
290,1175,0.265326,C
290,1150,0.270214,P
290,1150,0.271924,C
290,1125,0.276897,P
290,1125,0.279595,C
290,1100,0.284554,C
290,1100,0.286425,P
290,1075,0.289891,P
290,1075,0.292239,C
290,1050,0.296797,P
290,1050,0.29982,C
290,1025,0.303794,P
290,1025,0.304538,C
290,1000,0.31078,P
290,1000,0.311209,C
290,975,0.317339,P
290,975,0.317391,C
290,950,0.324904,P
290,950,0.328221,C
290,900,0.339051,C
290,900,0.339606,P
290,850,0.353318,P
290,850,0.35771,C
290,800,0.366844,P
290,800,0.36742,C
290,750,0.382721,P
290,700,0.388968,P
290,750,0.390144,C
290,650,0.40461,P
290,700,0.407547,C
290,650,0.413056,C
290,600,0.424219,P
290,600,0.424764,C
290,500,0.442596,C
290,500,0.445328,P
290,550,0.461369,C
290,550,0.46418,P
290,400,0.526828,C
290,400,0.535674,P
290,300,0.567494,C
290,300,0.622705,P
290,200,0.695209,P
290,100,0.920126,P
291,1700,0.154204,P
291,1725,0.154333,C
291,1800,0.154591,P
291,1800,0.155016,C
291,1725,0.155516,P
291,1700,0.155893,C
291,1650,0.157482,C
291,2000,0.157631,C
291,1900,0.159305,P
291,1650,0.160433,P
291,1625,0.162945,P
291,1625,0.163498,C
291,1900,0.16539,C
291,1600,0.166429,P
291,1600,0.166825,C
291,2000,0.170407,P
291,1575,0.171912,P
291,1575,0.172875,C
291,1550,0.176048,P
291,1550,0.177361,C
291,1525,0.182481,P
291,1525,0.183042,C
291,1500,0.186764,P
291,1500,0.187898,C
291,1495,0.187905,P
291,1490,0.188733,P
291,1495,0.19016,C
291,1485,0.190342,P
291,1480,0.191099,P
291,1490,0.191437,C
291,1485,0.192404,C
291,1475,0.192732,P
291,1480,0.193176,C
291,1475,0.194292,C
291,1450,0.199624,P
291,1450,0.200561,C
291,1445,0.200929,P
291,1445,0.201995,C
291,1425,0.205839,P
291,1425,0.207934,C
291,1400,0.211097,P
291,1400,0.21374,C
291,1375,0.218475,P
291,1375,0.221076,C
291,1350,0.224188,P
291,1350,0.228023,C
291,1325,0.231047,P
291,1325,0.234161,C
291,1300,0.238057,P
291,1300,0.241752,C
291,1275,0.244564,P
291,1275,0.248558,C
291,1250,0.251354,P
291,1250,0.255567,C
291,1225,0.257713,P
291,1225,0.263054,C
291,1200,0.26462,P
291,1200,0.269771,C
291,1175,0.271032,P
291,1175,0.276122,C
291,1150,0.277569,P
291,1150,0.282742,C
291,1125,0.284214,P
291,1125,0.290108,C
291,1100,0.291105,P
291,1100,0.297979,C
291,1075,0.298592,P
291,1050,0.304955,P
291,1075,0.304956,C
291,1025,0.311727,P
291,1050,0.312285,C
291,1000,0.318662,P
291,1025,0.320151,C
291,975,0.326671,P
291,1000,0.327885,C
291,950,0.333397,P
291,975,0.335784,C
291,950,0.34372,C
291,900,0.347786,P
291,850,0.363342,P
291,900,0.365061,C
291,800,0.378358,P
291,850,0.381844,C
291,750,0.397762,P
291,700,0.398796,P
291,800,0.401316,C
291,650,0.412791,P
291,750,0.422671,C
291,600,0.424799,P
291,700,0.44241,C
291,500,0.447219,P
291,650,0.471473,C
291,550,0.4777,P
291,600,0.490832,C
291,550,0.521416,C
291,400,0.52258,P
291,500,0.557323,C
291,300,0.616669,P
291,400,0.647374,C
291,200,0.711028,P
291,300,0.775972,C
291,100,0.918823,P
291,200,0.969696,C
291,100,1.329704,C
296,1750,0.1235,P
296,1700,0.137617,P
296,1800,0.139982,C
296,1675,0.141255,P
296,1850,0.143342,C
296,1750,0.145501,C
296,1650,0.147587,P
296,1700,0.148637,C
296,1675,0.152068,C
296,1625,0.152502,P
296,1650,0.153408,C
296,1600,0.157631,P
296,1625,0.158735,C
296,1575,0.162389,P
296,1600,0.162759,C
296,1575,0.167414,C
296,1550,0.168034,P
296,1550,0.172374,C
296,1525,0.173898,P
296,1525,0.177953,C
296,1500,0.180032,P
296,1500,0.183451,C
296,1475,0.186429,P
296,1475,0.189321,C
296,1450,0.19272,P
296,1450,0.195884,C
296,1425,0.198905,P
296,1425,0.201557,C
296,1400,0.205096,P
296,1400,0.208593,C
296,1375,0.211814,P
296,1375,0.214969,C
296,1350,0.218582,P
296,1350,0.221522,C
296,1325,0.225436,P
296,1325,0.228068,C
296,1300,0.231647,P
296,1300,0.233862,C
296,1275,0.23796,P
296,1275,0.240648,C
296,1250,0.244869,P
296,1250,0.247135,C
296,1225,0.251471,P
296,1225,0.254521,C
296,1200,0.257974,P
296,1200,0.260595,C
296,1175,0.264348,P
296,1175,0.266908,C
296,1150,0.271574,P
296,1150,0.273771,C
296,1125,0.278211,P
296,1125,0.280312,C
296,1100,0.284416,P
296,1100,0.287249,C
296,1075,0.290933,P
296,1075,0.294062,C
296,1050,0.29756,P
296,1050,0.300441,C
296,1025,0.304439,P
296,1025,0.307653,C
296,1000,0.311284,P
296,1000,0.31465,C
296,975,0.318954,P
296,975,0.321726,C
296,950,0.325295,P
296,950,0.328732,C
296,925,0.332447,P
296,925,0.335451,C
296,900,0.339434,P
296,900,0.342561,C
296,850,0.35355,P
296,850,0.358567,C
296,800,0.368144,P
296,800,0.373834,C
296,750,0.384731,P
296,750,0.394851,C
296,700,0.399809,P
296,700,0.406778,C
296,600,0.414374,P
296,650,0.416237,P
296,650,0.425213,C
296,600,0.443524,C
296,500,0.469695,P
296,500,0.486233,C
296,400,0.535599,C
296,400,0.539837,P
297,1850,0.12135,P
297,1800,0.137213,P
297,1750,0.144358,P
297,1700,0.150329,P
297,1800,0.153095,C
297,1750,0.153498,C
297,1675,0.15364,P
297,1850,0.154573,C
297,1700,0.155944,C
297,1650,0.157199,P
297,1675,0.158642,C
297,1650,0.161331,C
297,1625,0.162013,P
297,1625,0.16461,C
297,1600,0.166306,P
297,1600,0.168357,C
297,1575,0.171031,P
297,1575,0.17293,C
297,1550,0.176194,P
297,1550,0.177986,C
297,1525,0.181862,P
297,1525,0.183465,C
297,1500,0.186721,P
297,1500,0.189166,C
297,1475,0.193002,P
297,1475,0.194872,C
297,1450,0.198559,P
297,1450,0.20125,C
297,1425,0.204931,P
297,1425,0.207732,C
297,1400,0.211582,P
297,1400,0.214218,C
297,1375,0.217307,P
297,1375,0.220822,C
297,1350,0.224049,P
297,1350,0.227458,C
297,1325,0.231244,P
297,1325,0.233615,C
297,1300,0.237209,P
297,1300,0.240681,C
297,1275,0.24409,P
297,1275,0.247287,C
297,1250,0.250703,P
297,1250,0.254087,C
297,1225,0.257136,P
297,1225,0.261474,C
297,1200,0.264127,P
297,1200,0.268488,C
297,1175,0.27024,P
297,1175,0.275594,C
297,1150,0.277177,P
297,1150,0.282631,C
297,1125,0.284126,P
297,1125,0.289691,C
297,1100,0.290698,P
297,1100,0.296885,C
297,1075,0.297276,P
297,1050,0.303967,P
297,1075,0.303992,C
297,1050,0.310524,C
297,1025,0.310907,P
297,1000,0.318038,P
297,1025,0.319294,C
297,975,0.324772,P
297,1000,0.326987,C
297,950,0.331636,P
297,975,0.334128,C
297,925,0.338775,P
297,950,0.342206,C
297,900,0.346697,P
297,925,0.35072,C
297,900,0.359257,C
297,850,0.361604,P
297,850,0.375631,C
297,800,0.377127,P
297,800,0.393743,C
297,750,0.394676,P
297,700,0.412172,P
297,750,0.413831,C
297,650,0.430271,P
297,700,0.436455,C
297,600,0.450363,P
297,650,0.460515,C
297,600,0.487092,C
297,500,0.495682,P
297,500,0.552633,C
297,400,0.572364,P
297,400,0.640783,C
472,1900,0.108629,P
472,1800,0.142497,P
472,2000,0.151885,C
472,1800,0.155449,C
472,1700,0.158492,P
472,2250,0.163461,C
472,1700,0.1651,C
472,1650,0.166966,P
472,1625,0.170245,P
472,1650,0.171909,C
472,1625,0.175497,C
472,1600,0.17552,P
472,1575,0.179247,P
472,1600,0.179294,C
472,1575,0.183796,C
472,1550,0.184251,P
472,1550,0.187776,C
472,1525,0.18867,P
472,2500,0.191789,C
472,1525,0.192259,C
472,1500,0.194717,P
472,1500,0.197026,C
472,1475,0.198538,P
472,1475,0.201574,C
472,1450,0.201691,P
472,1450,0.206515,C
472,1425,0.209174,P
472,1425,0.211217,C
472,1400,0.213737,P
472,1400,0.216293,C
472,3000,0.218344,C
472,1375,0.219109,P
472,1375,0.221704,C
472,1350,0.2242,P
472,1350,0.226933,C
472,1325,0.229723,P
472,1325,0.231941,C
472,1300,0.236954,P
472,1300,0.237024,C
472,1275,0.240648,P
472,1275,0.242326,C
472,1250,0.246159,P
472,1250,0.247918,C
472,1225,0.251473,P
472,1225,0.253136,C
472,1200,0.256624,P
472,1200,0.258189,C
472,1175,0.261746,P
472,1175,0.263511,C
472,1150,0.267309,P
472,1150,0.268873,C
472,1125,0.272878,P
472,1125,0.274225,C
472,1100,0.278508,P
472,1100,0.279617,C
472,1075,0.283773,P
472,1075,0.285594,C
472,1050,0.289179,P
472,1050,0.291022,C
472,1025,0.294805,P
472,1025,0.296124,C
472,1000,0.300454,P
472,1000,0.302781,C
472,975,0.306026,P
472,975,0.308409,C
472,950,0.311556,P
472,950,0.312501,C
472,925,0.317268,P
472,925,0.31942,C
472,900,0.323646,P
472,900,0.325257,C
472,850,0.334768,C
472,850,0.335446,P
472,800,0.347255,P
472,800,0.350414,C
472,750,0.359261,P
472,750,0.362011,C
472,700,0.372162,P
472,700,0.376994,C
472,650,0.383693,P
472,650,0.391603,C
472,600,0.395251,P
472,600,0.400197,C
472,550,0.40882,P
472,500,0.421889,P
472,550,0.423265,C
472,500,0.442066,C
472,450,0.46126,C
472,400,0.474837,P
472,400,0.483296,C
472,300,0.499083,P
472,350,0.509398,C
472,350,0.512225,P
472,250,0.527368,P
472,300,0.537115,C
472,250,0.573518,C
472,200,0.618439,P
472,200,0.623093,C
472,100,0.771436,C
472,100,0.774834,P
473,2000,0.146282,C
473,2250,0.147028,P
473,2000,0.152408,P
473,1900,0.156301,P
473,1800,0.159503,P
473,1900,0.159671,C
473,2250,0.162989,C
473,1800,0.163435,C
473,1700,0.170808,P
473,1700,0.171542,C
473,1650,0.177294,P
473,1650,0.177759,C
473,1625,0.180456,P
473,1625,0.181458,C
473,1600,0.184801,P
473,1600,0.186669,C
473,1575,0.188865,P
473,1575,0.190008,C
473,2500,0.191293,C
473,1550,0.193123,P
473,1550,0.194427,C
473,1525,0.196677,P
473,1525,0.198748,C
473,1500,0.20162,P
473,1500,0.202987,C
473,1475,0.206787,P
473,1475,0.20832,C
473,1450,0.211464,P
473,1450,0.213251,C
473,1425,0.215945,P
473,3000,0.217851,C
473,1425,0.217992,C
473,1400,0.221644,P
473,1400,0.223555,C
473,1375,0.226248,P
473,1375,0.228687,C
473,1350,0.231674,P
473,1350,0.233838,C
473,1325,0.236912,P
473,1300,0.238846,P
473,1325,0.239975,C
473,1300,0.245243,C
473,1275,0.247601,P
473,1275,0.250599,C
473,1250,0.253254,P
473,1250,0.25583,C
473,1225,0.258096,P
473,1225,0.262363,C
473,1200,0.263437,P
473,1200,0.268274,C
473,1175,0.268884,P
473,1175,0.273048,C
473,1150,0.2745,P
473,1150,0.278358,C
473,1125,0.280031,P
473,1125,0.28443,C
473,1100,0.286775,P
473,1100,0.290512,C
473,1075,0.291116,P
473,1075,0.296294,C
473,1050,0.297281,P
473,1025,0.302272,P
473,1050,0.30291,C
473,1025,0.307615,C
473,1000,0.308066,P
473,975,0.314108,P
473,1000,0.31562,C
473,950,0.319351,P
473,975,0.320542,C
473,925,0.324897,P
473,950,0.326765,C
473,900,0.331618,P
473,925,0.332042,C
473,900,0.340246,C
473,850,0.343162,P
473,850,0.351442,C
473,800,0.355571,P
473,800,0.36499,C
473,750,0.3686,P
473,700,0.376561,P
473,750,0.379427,C
473,650,0.388723,P
473,700,0.397054,C
473,650,0.414254,C
473,600,0.415111,P
473,550,0.432912,P
473,600,0.435437,C
473,550,0.451611,C
473,500,0.452389,P
473,500,0.476035,C
473,450,0.486326,P
473,300,0.498821,P
473,450,0.50279,C
473,400,0.535586,C
473,350,0.573859,C
473,200,0.61312,P
473,300,0.622385,C
473,250,0.669374,P
473,250,0.684923,C
473,200,0.764241,C
473,100,0.774249,P
473,100,1.045015,C
500,1900,0.117394,P
500,1800,0.145567,P
500,1900,0.14742,C
500,2000,0.149601,C
500,1800,0.156301,C
500,1700,0.15959,P
500,1700,0.166531,C
500,1650,0.167895,P
500,1625,0.171605,P
500,1650,0.173024,C
500,2250,0.174982,C
500,1600,0.1754,P
500,1625,0.176714,C
500,1575,0.180164,P
500,1600,0.180519,C
500,1550,0.184392,P
500,1575,0.184756,C
500,1550,0.188902,C
500,1525,0.189695,P
500,1525,0.193476,C
500,1500,0.19374,P
500,1500,0.197949,C
500,1475,0.198591,P
500,1475,0.202263,C
500,1450,0.203429,P
500,2500,0.204509,C
500,1450,0.207008,C
500,1425,0.208686,P
500,1425,0.211959,C
500,1400,0.21337,P
500,1400,0.216915,C
500,1375,0.219111,P
500,1375,0.221758,C
500,1350,0.223255,P
500,1350,0.227091,C
500,1325,0.228799,P
500,1325,0.232163,C
500,1300,0.233872,P
500,1300,0.237425,C
500,1275,0.238833,P
500,1275,0.242684,C
500,1250,0.244597,P
500,1250,0.248424,C
500,1225,0.249847,P
500,1225,0.253029,C
500,1200,0.255048,P
500,3000,0.256062,C
500,1200,0.258297,C
500,1175,0.26005,P
500,1175,0.264154,C
500,1150,0.265284,P
500,1150,0.269411,C
500,1125,0.27051,P
500,1125,0.274563,C
500,1100,0.275665,P
500,1100,0.280305,C
500,1075,0.281021,P
500,1050,0.286536,P
500,1075,0.286544,C
500,1050,0.291567,C
500,1025,0.291762,P
500,1025,0.296505,C
500,1000,0.29725,P
500,1000,0.303045,C
500,975,0.304289,P
500,975,0.307874,C
500,950,0.309596,P
500,950,0.313506,C
500,925,0.315218,P
500,900,0.319259,P
500,925,0.319492,C
500,900,0.325413,C
500,850,0.332354,P
500,850,0.337603,C
500,800,0.342402,P
500,800,0.351367,C
500,750,0.355892,P
500,750,0.365085,C
500,700,0.368622,P
500,700,0.379062,C
500,650,0.381366,P
500,600,0.392269,P
500,650,0.39468,C
500,550,0.405022,P
500,600,0.410849,C
500,500,0.418608,P
500,550,0.429574,C
500,500,0.44985,C
500,450,0.472998,C
500,300,0.481223,P
500,400,0.498691,C
500,350,0.49966,P
500,350,0.528834,C
500,300,0.567066,C
500,250,0.596977,P
500,250,0.620025,C
500,200,0.666757,P
500,200,0.683166,C
500,100,0.737875,P
500,100,0.916332,C
501,2000,0.089261,P
501,1900,0.142615,P
501,1800,0.153478,P
501,1900,0.159487,C
501,1800,0.163977,C
501,1700,0.167439,P
501,1700,0.173185,C
501,1650,0.175047,P
501,1625,0.178447,P
501,1650,0.179763,C
501,1600,0.18278,P
501,1625,0.183101,C
501,1600,0.186338,C
501,1575,0.187127,P
501,1575,0.190275,C
501,1550,0.191653,P
501,1550,0.194449,C
501,1525,0.197016,P
501,1525,0.19866,C
501,1500,0.200611,P
501,1500,0.203075,C
501,1475,0.205963,P
501,1475,0.206567,C
501,1450,0.210384,P
501,1450,0.211577,C
501,1425,0.215911,P
501,1425,0.218796,C
501,1400,0.220439,P
501,1400,0.224231,C
501,1375,0.225747,P
501,1375,0.229836,C
501,1350,0.231255,P
501,1350,0.234864,C
501,1325,0.23653,P
501,1325,0.239664,C
501,1300,0.241278,P
501,1300,0.245011,C
501,1275,0.247375,P
501,1250,0.249396,P
501,1275,0.250474,C
501,1225,0.254564,P
501,1250,0.255413,C
501,1200,0.259695,P
501,1225,0.261082,C
501,1175,0.265121,P
501,1200,0.266485,C
501,1150,0.270622,P
501,1175,0.272024,C
501,1125,0.277311,P
501,1150,0.277459,C
501,1100,0.282535,P
501,1125,0.282717,C
501,1100,0.288254,C
501,1075,0.288669,P
501,1050,0.293586,P
501,1075,0.293925,C
501,1025,0.299315,P
501,1050,0.299551,C
501,1000,0.300269,P
501,1025,0.305296,C
501,1000,0.310952,C
501,975,0.311549,P
501,950,0.316384,P
501,975,0.316831,C
501,950,0.32256,C
501,925,0.323281,P
501,925,0.328474,C
501,900,0.329179,P
501,900,0.336048,C
501,850,0.3415,P
501,850,0.347831,C
501,800,0.353206,P
501,800,0.36158,C
501,750,0.365483,P
501,750,0.374046,C
501,700,0.377737,P
501,700,0.388756,C
501,650,0.391729,P
501,650,0.405146,C
501,600,0.410374,P
501,600,0.42316,C
501,550,0.42696,P
501,550,0.443511,C
501,500,0.446087,P
501,500,0.466473,C
501,450,0.468709,P
501,450,0.492939,C
501,300,0.498396,P
501,400,0.52519,C
501,350,0.562696,C
501,300,0.609927,C
501,250,0.66834,C
501,200,0.746931,C
501,100,1.016846,C
654,2000,0.140975,P
654,2000,0.149873,C
654,1900,0.150729,P
654,1900,0.156534,C
654,2250,0.159014,C
654,1800,0.161531,P
654,1800,0.165036,C
654,1750,0.167385,P
654,1750,0.170839,C
654,1700,0.174585,P
654,1700,0.176794,C
654,1650,0.181391,P
654,2500,0.181796,C
654,1650,0.183405,C
654,1625,0.185052,P
654,1625,0.186996,C
654,1600,0.18845,P
654,1600,0.190664,C
654,1575,0.19223,P
654,1575,0.194391,C
654,1550,0.196044,P
654,1550,0.198092,C
654,1525,0.199967,P
654,1525,0.202064,C
654,1500,0.204356,P
654,1500,0.205648,C
654,1475,0.208281,P
654,1475,0.209794,C
654,1450,0.212406,P
654,1450,0.214002,C
654,1425,0.217093,P
654,1425,0.218289,C
654,1400,0.221174,P
654,1400,0.222607,C
654,1375,0.225442,P
654,1375,0.226697,C
654,1350,0.229993,P
654,1350,0.231498,C
654,1325,0.234362,P
654,1325,0.235984,C
654,1300,0.239076,P
654,1300,0.240533,C
654,1275,0.243663,P
654,1275,0.244954,C
654,1250,0.248373,P
654,1250,0.249646,C
654,1225,0.252932,P
654,1225,0.254035,C
654,1200,0.257677,P
654,1200,0.258763,C
654,1175,0.262159,P
654,1175,0.263475,C
654,1150,0.266891,P
654,1150,0.268201,C
654,1125,0.272991,P
654,1125,0.273058,C
654,1100,0.277893,P
654,1100,0.277907,C
654,1075,0.281956,P
654,1075,0.282679,C
654,1050,0.286798,P
654,1050,0.287492,C
654,1025,0.291927,P
654,1025,0.2928,C
654,1000,0.296532,P
654,1000,0.298816,C
654,975,0.302663,C
654,975,0.302885,P
654,950,0.306391,P
654,950,0.308908,C
654,900,0.317954,C
654,900,0.318195,P
654,850,0.327165,P
654,850,0.328276,C
654,800,0.3395,P
654,800,0.340735,C
654,750,0.350611,P
654,750,0.352006,C
654,700,0.362286,P
654,700,0.362629,C
654,650,0.373927,P
654,650,0.374879,C
654,600,0.386531,P
654,600,0.387245,C
654,550,0.399757,P
654,550,0.400082,C
654,500,0.410192,P
654,500,0.413526,C
654,450,0.423901,P
654,450,0.42777,C
654,350,0.433469,P
654,400,0.437368,P
654,400,0.441981,C
654,350,0.456703,C
654,300,0.461287,P
654,250,0.467684,C
654,300,0.468807,C
654,250,0.488081,P
654,200,0.549817,P
654,100,0.803001,P
655,2000,0.153966,P
655,1900,0.159439,P
655,2000,0.161584,C
655,1900,0.165528,C
655,1800,0.168645,P
655,1800,0.171969,C
655,1750,0.174987,P
655,1750,0.177193,C
655,1700,0.181828,P
655,1700,0.182843,C
655,1650,0.187766,P
655,1650,0.188742,C
655,1625,0.192178,C
655,1625,0.192292,P
655,1600,0.195249,C
655,1600,0.195963,P
655,1575,0.197906,C
655,1575,0.199718,P
655,1550,0.201816,C
655,1550,0.202577,P
655,1525,0.205857,C
655,1525,0.207009,P
655,1500,0.209888,C
655,1500,0.211348,P
655,1475,0.215545,P
655,1475,0.217238,C
655,1450,0.219271,P
655,1450,0.220908,C
655,1425,0.223247,P
655,1425,0.224836,C
655,1400,0.227767,P
655,1400,0.229034,C
655,1375,0.232223,P
655,1375,0.233664,C
655,1350,0.236427,P
655,1350,0.238191,C
655,1325,0.241541,P
655,1325,0.242495,C
655,1300,0.245957,P
655,1300,0.247172,C
655,1275,0.250629,P
655,1275,0.252488,C
655,1250,0.255449,P
655,1250,0.25753,C
655,1225,0.260145,P
655,1225,0.262307,C
655,1200,0.264813,P
655,1200,0.26643,C
655,1175,0.266603,P
655,1175,0.272407,C
655,1150,0.272469,P
655,1125,0.277323,P
655,1150,0.277395,C
655,1125,0.281145,C
655,1100,0.281445,P
655,1075,0.286962,P
655,1100,0.287368,C
655,1050,0.291995,P
655,1075,0.292405,C
655,1050,0.296529,C
655,1025,0.29692,P
655,1025,0.301085,C
655,1000,0.301748,P
655,1000,0.307032,C
655,975,0.307873,P
655,975,0.311182,C
655,950,0.312618,P
655,950,0.31628,C
655,900,0.323336,P
655,900,0.32795,C
655,850,0.334374,P
655,850,0.337271,C
655,800,0.34592,P
655,800,0.349025,C
655,750,0.358652,P
655,750,0.359958,C
655,700,0.371231,P
655,700,0.372713,C
655,650,0.383455,P
655,650,0.38373,C
655,600,0.396332,P
655,600,0.396942,C
655,550,0.410142,P
655,550,0.411672,C
655,500,0.427143,C
655,500,0.428601,P
655,450,0.444803,C
655,450,0.446127,P
655,400,0.464074,C
655,400,0.466468,P
655,350,0.486491,C
655,350,0.490585,P
655,300,0.51194,C
655,250,0.543436,C
655,200,0.58844,C
655,100,0.748586,C
836,2250,0.11865,P
836,2200,0.122836,P
836,2100,0.144163,P
836,2100,0.147901,C
836,2000,0.152585,P
836,2000,0.155477,C
836,2200,0.158086,C
836,2250,0.159206,C
836,1900,0.161902,P
836,1900,0.162642,C
836,1800,0.171939,C
836,1800,0.172207,P
836,2500,0.172332,C
836,3000,0.177876,C
836,1700,0.182506,P
836,1700,0.185253,C
836,1650,0.188734,P
836,1650,0.191261,C
836,1625,0.193237,P
836,1625,0.194783,C
836,1600,0.194929,P
836,1600,0.197996,C
836,1575,0.198371,P
836,1575,0.201328,C
836,1550,0.201774,P
836,1550,0.20477,C
836,1525,0.205403,P
836,1525,0.208188,C
836,1500,0.209124,P
836,1500,0.211014,C
836,1475,0.212625,P
836,1475,0.21365,C
836,1450,0.216111,P
836,1450,0.218233,C
836,1425,0.220404,P
836,1425,0.222995,C
836,1400,0.224325,P
836,1400,0.228895,C
836,1375,0.230942,C
836,1375,0.231469,P
836,1350,0.235037,C
836,1350,0.235529,P
836,1325,0.239065,C
836,1325,0.239653,P
836,1300,0.241101,C
836,1300,0.243858,P
836,1275,0.245799,C
836,1275,0.248033,P
836,1250,0.250161,C
836,1250,0.25233,P
836,1225,0.254393,C
836,1225,0.256224,P
836,1200,0.258223,C
836,1200,0.258447,P
836,1175,0.262501,C
836,1175,0.263119,P
836,1150,0.266763,C
836,1150,0.267502,P
836,1125,0.271101,C
836,1125,0.271969,P
836,1100,0.275461,C
836,1100,0.277727,P
836,1075,0.280109,C
836,1075,0.283465,P
836,1050,0.284586,C
836,1050,0.288103,P
836,1025,0.288713,C
836,1025,0.292585,P
836,1000,0.293199,C
836,1000,0.297273,P
836,975,0.298685,C
836,975,0.302212,P
836,950,0.302813,C
836,950,0.307053,P
836,925,0.307407,C
836,900,0.31144,C
836,925,0.311797,P
836,875,0.316016,C
836,900,0.316667,P
836,850,0.320746,C
836,875,0.321465,P
836,825,0.324747,C
836,850,0.326441,P
836,800,0.32945,C
836,825,0.331381,P
836,800,0.336293,P
836,775,0.336386,C
836,750,0.338902,C
836,775,0.340888,P
836,750,0.342704,P
836,700,0.350213,C
836,700,0.357531,P
836,650,0.359409,C
836,650,0.362542,P
836,600,0.371787,C
836,600,0.38042,P
836,550,0.382818,C
836,550,0.388235,P
836,500,0.394846,C
836,500,0.405484,P
836,450,0.406835,C
836,450,0.416399,P
836,400,0.418203,C
836,250,0.427669,C
836,400,0.428576,P
836,350,0.429604,C
836,300,0.437052,C
836,350,0.451964,P
836,300,0.496679,P
836,250,0.513179,P
836,200,0.537771,P
836,100,0.655776,P
837,2500,0.145511,P
837,2200,0.152221,P
837,2250,0.153012,P
837,2100,0.157805,P
837,2250,0.158844,C
837,2100,0.160628,C
837,2000,0.162004,P
837,2000,0.165208,C
837,2200,0.165439,C
837,1900,0.171029,P
837,1900,0.171443,C
837,3000,0.177566,C
837,1800,0.177925,C
837,1800,0.180727,P
837,2500,0.184982,C
837,1700,0.187775,C
837,1700,0.191497,P
837,1650,0.193116,C
837,1625,0.196381,C
837,1650,0.197193,P
837,1600,0.199706,C
837,1625,0.199787,P
837,1600,0.203107,P
837,1575,0.20315,C
837,1575,0.206159,P
837,1550,0.206508,C
837,1550,0.209284,P
837,1525,0.21011,C
837,1525,0.214344,P
837,1500,0.21573,C
837,1500,0.218282,P
837,1475,0.219667,C
837,1475,0.22197,P
837,1450,0.223232,C
837,1450,0.226173,P
837,1425,0.227066,C
837,1425,0.229713,P
837,1400,0.231302,C
837,1375,0.233449,C
837,1400,0.234352,P
837,1350,0.235474,P
837,1375,0.237667,P
837,1350,0.239041,C
837,1325,0.241987,P
837,1325,0.243074,C
837,1300,0.246186,P
837,1275,0.250232,P
837,1300,0.250433,C
837,1275,0.252876,C
837,1250,0.254534,P
837,1250,0.257936,C
837,1225,0.258851,P
837,1225,0.261613,C
837,1200,0.263481,P
837,1200,0.26614,C
837,1175,0.267749,P
837,1175,0.270662,C
837,1150,0.272084,P
837,1150,0.275639,C
837,1125,0.27651,P
837,1125,0.27999,C
837,1100,0.284343,P
837,1100,0.284692,C
837,1075,0.284762,P
837,1075,0.28931,C
837,1050,0.289421,P
837,1025,0.293752,P
837,1050,0.294692,C
837,1000,0.298279,P
837,1025,0.298936,C
837,1000,0.303553,C
837,975,0.303618,P
837,950,0.308298,P
837,975,0.309366,C
837,925,0.312869,P
837,950,0.313283,C
837,925,0.318889,C
837,900,0.319091,P
837,900,0.322634,C
837,875,0.323998,P
837,850,0.329095,P
837,875,0.329296,C
837,850,0.332212,C
837,825,0.333911,P
837,825,0.337035,C
837,800,0.338407,P
837,800,0.341951,C
837,775,0.342827,P
837,750,0.347488,P
837,775,0.347724,C
837,750,0.352825,C
837,700,0.36058,P
837,700,0.361328,C
837,650,0.371841,C
837,650,0.37241,P
837,600,0.383447,C
837,600,0.385835,P
837,550,0.396366,C
837,550,0.399486,P
837,500,0.405522,P
837,500,0.407052,C
837,450,0.42,C
837,450,0.431357,P
837,400,0.435803,C
837,400,0.449735,P
837,350,0.451045,P
837,350,0.453328,C
837,300,0.471958,C
837,300,0.474731,P
837,250,0.494635,C
837,200,0.500764,C
837,250,0.513096,P
837,200,0.541634,P
837,100,0.638252,P
