,days,price,strike,IV,type
818,297,468.1,1850,0.12135,P
819,297,419.15,1800,0.137213,P
820,297,370.9,1750,0.144358,P
821,297,323.9,1700,0.150329,P
822,297,2.25,1800,0.153095,C
823,297,3.775,1750,0.153498,C
824,297,301.15,1675,0.15364,P
825,297,1.425,1850,0.154573,C
826,297,6.55,1700,0.155944,C
827,297,279.05,1650,0.157199,P
828,297,8.8,1675,0.158642,C
829,297,11.6,1650,0.161331,C
830,297,258.0,1625,0.16201300000000002,P
831,297,15.2,1625,0.16460999999999998,C
832,297,237.65,1600,0.16630599999999998,P
833,297,19.7,1600,0.168357,C
834,297,218.35,1575,0.171031,P
835,297,25.35,1575,0.17293,C
836,297,200.2,1550,0.17619400000000002,P
837,297,32.15,1550,0.17798599999999998,C
838,297,183.3,1525,0.181862,P
839,297,40.15,1525,0.18346500000000002,C
840,297,167.1,1500,0.186721,P
841,297,49.3,1500,0.189166,C
842,297,152.6,1475,0.193002,P
843,297,59.5,1475,0.194872,C
844,297,138.8,1450,0.19855899999999999,P
845,297,71.05,1450,0.20125,C
846,297,126.4,1425,0.204931,P
847,297,83.65,1425,0.20773200000000003,C
848,297,115.1,1400,0.21158200000000002,P
849,297,97.2,1400,0.214218,C
850,297,104.25,1375,0.21730700000000003,P
851,297,111.7,1375,0.220822,C
852,297,94.75,1350,0.22404899999999997,P
853,297,127.05,1350,0.227458,C
854,297,86.25,1325,0.231244,P
855,297,142.95,1325,0.23361500000000002,C
856,297,77.9,1300,0.237209,P
857,297,160.0,1300,0.240681,C
858,297,70.65,1275,0.24409,P
859,297,177.5,1275,0.24728699999999998,C
860,297,63.9,1250,0.250703,P
861,297,195.7,1250,0.254087,C
862,297,57.65,1225,0.25713600000000003,P
863,297,214.7,1225,0.261474,C
864,297,52.15,1200,0.264127,P
865,297,234.05,1200,0.268488,C
866,297,46.8,1175,0.27024000000000004,P
867,297,253.9,1175,0.275594,C
868,297,42.2,1150,0.277177,P
869,297,274.15,1150,0.282631,C
870,297,38.0,1125,0.28412600000000005,P
871,297,294.8,1125,0.289691,C
872,297,34.05,1100,0.290698,P
873,297,315.85,1100,0.296885,C
874,297,30.45,1075,0.29727600000000004,P
875,297,27.2,1050,0.303967,P
876,297,337.2,1075,0.303992,C
877,297,358.7,1050,0.31052399999999997,C
878,297,24.3,1025,0.310907,P
879,297,21.7,1000,0.318038,P
880,297,381.05,1025,0.319294,C
881,297,19.25,975,0.324772,P
882,297,403.35,1000,0.32698699999999997,C
883,297,17.05,950,0.331636,P
884,297,425.75,975,0.33412800000000004,C
885,297,15.1,925,0.338775,P
886,297,448.55,950,0.342206,C
887,297,13.45,900,0.346697,P
888,297,471.6,925,0.35072,C
889,297,494.8,900,0.359257,C
890,297,10.45,850,0.361604,P
891,297,541.5,850,0.375631,C
892,297,8.05,800,0.377127,P
893,297,588.9,800,0.393743,C
894,297,6.25,750,0.394676,P
895,297,4.75,700,0.41217200000000004,P
896,297,636.85,750,0.41383100000000006,C
897,297,3.55,650,0.430271,P
898,297,685.25,700,0.43645500000000004,C
899,297,2.65,600,0.450363,P
900,297,733.9,650,0.46051499999999995,C
901,297,782.8,600,0.487092,C
902,297,1.425,500,0.49568199999999996,P
903,297,881.25,500,0.552633,C
904,297,1.0,400,0.572364,P
905,297,980.25,400,0.640783,C
906,296,370.55,1750,0.1235,P
907,296,323.25,1700,0.13761700000000002,P
908,296,1.225,1800,0.139982,C
909,296,300.05,1675,0.141255,P
910,296,0.8,1850,0.143342,C
911,296,2.75,1750,0.145501,C
912,296,278.0,1650,0.147587,P
913,296,5.15,1700,0.148637,C
914,296,7.25,1675,0.152068,C
915,296,256.5,1625,0.152502,P
916,296,9.45,1650,0.153408,C
917,296,235.95,1600,0.157631,P
918,296,13.25,1625,0.158735,C
919,296,216.25,1575,0.162389,P
920,296,17.55,1600,0.162759,C
921,296,22.95,1575,0.167414,C
922,296,197.9,1550,0.168034,P
923,296,29.45,1550,0.172374,C
924,296,180.75,1525,0.173898,P
925,296,37.25,1525,0.177953,C
926,296,164.85,1500,0.180032,P
927,296,46.1,1500,0.183451,C
928,296,150.2,1475,0.18642899999999998,P
929,296,56.2,1475,0.18932100000000002,C
930,296,136.6,1450,0.19272,P
931,296,67.7,1450,0.195884,C
932,296,124.0,1425,0.198905,P
933,296,79.8,1425,0.201557,C
934,296,112.4,1400,0.205096,P
935,296,93.55,1400,0.20859299999999997,C
936,296,102.0,1375,0.21181399999999997,P
937,296,107.9,1375,0.214969,C
938,296,92.5,1350,0.21858200000000003,P
939,296,123.2,1350,0.22152199999999997,C
940,296,83.85,1325,0.22543600000000003,P
941,296,139.3,1325,0.228068,C
942,296,75.65,1300,0.231647,P
943,296,155.8,1300,0.233862,C
944,296,68.2,1275,0.23795999999999998,P
945,296,173.45,1275,0.240648,C
946,296,61.65,1250,0.244869,P
947,296,191.6,1250,0.247135,C
948,296,55.55,1225,0.251471,P
949,296,210.7,1225,0.254521,C
950,296,49.95,1200,0.257974,P
951,296,229.8,1200,0.26059499999999997,C
952,296,44.8,1175,0.264348,P
953,296,249.5,1175,0.266908,C
954,296,40.4,1150,0.271574,P
955,296,269.85,1150,0.273771,C
956,296,36.2,1125,0.278211,P
957,296,290.5,1125,0.280312,C
958,296,32.25,1100,0.284416,P
959,296,311.65,1100,0.287249,C
960,296,28.75,1075,0.290933,P
961,296,333.1,1075,0.294062,C
962,296,25.6,1050,0.29756,P
963,296,354.75,1050,0.30044099999999996,C
964,296,22.8,1025,0.30443899999999996,P
965,296,376.9,1025,0.307653,C
966,296,20.25,1000,0.311284,P
967,296,399.25,1000,0.31465,C
968,296,18.1,975,0.318954,P
969,296,421.85,975,0.321726,C
970,296,15.9,950,0.325295,P
971,296,444.65,950,0.328732,C
972,296,14.05,925,0.332447,P
973,296,467.6,925,0.335451,C
974,296,12.35,900,0.339434,P
975,296,490.8,900,0.342561,C
976,296,9.45,850,0.35355,P
977,296,537.9,850,0.358567,C
978,296,7.15,800,0.368144,P
979,296,585.4,800,0.373834,C
980,296,5.45,750,0.384731,P
981,296,633.8,750,0.394851,C
982,296,3.975,700,0.399809,P
983,296,681.8,700,0.40677800000000003,C
984,296,1.475,600,0.41437399999999996,P
985,296,2.875,650,0.41623699999999997,P
986,296,730.55,650,0.425213,C
987,296,779.5,600,0.443524,C
988,296,0.925,500,0.469695,P
989,296,878.05,500,0.48623299999999997,C
990,296,977.1,400,0.5355989999999999,C
991,296,0.6,400,0.539837,P
992,291,323.75,1700,0.154204,P
993,291,4.7,1725,0.154333,C
994,291,419.75,1800,0.154591,P
995,291,2.275,1800,0.15501600000000001,C
996,291,347.6,1725,0.15551600000000002,P
997,291,6.25,1700,0.155893,C
998,291,10.25,1650,0.15748199999999998,C
999,291,0.3,2000,0.157631,C
1000,291,518.2,1900,0.159305,P
1001,291,278.9,1650,0.160433,P
1002,291,257.25,1625,0.162945,P
1003,291,14.4,1625,0.163498,C
1004,291,1.275,1900,0.16539,C
1005,291,236.6,1600,0.166429,P
1006,291,18.65,1600,0.166825,C
1007,291,617.55,2000,0.170407,P
1008,291,217.5,1575,0.17191199999999998,P
1009,291,24.7,1575,0.172875,C
1010,291,198.9,1550,0.176048,P
1011,291,31.2,1550,0.177361,C
1012,291,182.25,1525,0.182481,P
1013,291,39.2,1525,0.183042,C
1014,291,165.75,1500,0.186764,P
1015,291,47.9,1500,0.187898,C
1016,291,162.7,1495,0.187905,P
1017,291,159.55,1490,0.18873299999999998,P
1018,291,50.35,1495,0.19016,C
1019,291,156.8,1485,0.190342,P
1020,291,153.7,1480,0.191099,P
1021,291,52.4,1490,0.191437,C
1022,291,54.35,1485,0.192404,C
1023,291,151.05,1475,0.192732,P
1024,291,56.25,1480,0.193176,C
1025,291,58.35,1475,0.19429200000000002,C
1026,291,137.85,1450,0.199624,P
1027,291,69.8,1450,0.200561,C
1028,291,135.3,1445,0.200929,P
1029,291,72.3,1445,0.201995,C
1030,291,125.35,1425,0.205839,P
1031,291,82.8,1425,0.207934,C
1032,291,113.35,1400,0.21109699999999998,P
1033,291,96.0,1400,0.21374,C
1034,291,103.3,1375,0.218475,P
1035,291,110.85,1375,0.22107600000000002,C
1036,291,93.3,1350,0.224188,P
1037,291,126.35,1350,0.228023,C
1038,291,84.65,1325,0.23104699999999997,P
1039,291,142.25,1325,0.234161,C
1040,291,76.8,1300,0.23805700000000002,P
1041,291,159.55,1300,0.241752,C
1042,291,69.4,1275,0.24456399999999998,P
1043,291,177.15,1275,0.248558,C
1044,291,62.75,1250,0.251354,P
1045,291,195.45,1250,0.255567,C
1046,291,56.5,1225,0.257713,P
1047,291,214.5,1225,0.263054,C
1048,291,51.0,1200,0.26461999999999997,P
1049,291,233.75,1200,0.269771,C
1050,291,45.8,1175,0.271032,P
1051,291,253.35,1175,0.276122,C
1052,291,41.1,1150,0.277569,P
1053,291,273.5,1150,0.282742,C
1054,291,36.85,1125,0.28421399999999997,P
1055,291,294.3,1125,0.290108,C
1056,291,33.05,1100,0.291105,P
1057,291,315.6,1100,0.297979,C
1058,291,29.75,1075,0.298592,P
1059,291,26.45,1050,0.30495500000000003,P
1060,291,336.95,1075,0.304956,C
1061,291,23.55,1025,0.311727,P
1062,291,358.7,1050,0.312285,C
1063,291,20.95,1000,0.318662,P
1064,291,380.85,1025,0.320151,C
1065,291,18.8,975,0.326671,P
1066,291,403.2,1000,0.327885,C
1067,291,16.6,950,0.333397,P
1068,291,425.8,975,0.335784,C
1069,291,448.6,950,0.34371999999999997,C
1070,291,12.95,900,0.34778600000000004,P
1071,291,10.1,850,0.363342,P
1072,291,495.6,900,0.365061,C
1073,291,7.7,800,0.37835799999999997,P
1074,291,542.3,850,0.381844,C
1075,291,6.1,750,0.397762,P
1076,291,3.65,700,0.398796,P
1077,291,589.8,800,0.401316,C
1078,291,2.525,650,0.41279099999999996,P
1079,291,637.8,750,0.422671,C
1080,291,1.625,600,0.424799,P
1081,291,685.9,700,0.44241,C
1082,291,0.55,500,0.447219,P
1083,291,734.85,650,0.471473,C
1084,291,1.95,550,0.4777,P
1085,291,783.3,600,0.490832,C
1086,291,832.45,550,0.521416,C
1087,291,0.4,400,0.52258,P
1088,291,881.8,500,0.5573229999999999,C
1089,291,0.275,300,0.6166689999999999,P
1090,291,980.85,400,0.647374,C
1091,291,0.1,200,0.711028,P
1092,291,1080.25,300,0.775972,C
1093,291,0.05,100,0.918823,P
1094,291,1179.8,200,0.9696959999999999,C
1095,291,1279.45,100,1.329704,C
1096,290,345.25,1725,0.121173,P
1097,290,322.2,1700,0.134949,P
1098,290,1.2,1800,0.141058,C
1099,290,276.2,1650,0.143003,P
1100,290,3.3,1725,0.144683,C
1101,290,254.5,1625,0.148276,P
1102,290,4.9,1700,0.1486,C
1103,290,8.9,1650,0.152556,C
1104,290,0.7,1900,0.15340499999999999,C
1105,290,234.05,1600,0.15468800000000002,P
1106,290,12.3,1625,0.15683,C
1107,290,0.3,2000,0.15829300000000002,C
1108,290,16.6,1600,0.161349,C
1109,290,214.85,1575,0.161527,P
1110,290,21.8,1575,0.16580999999999999,C
1111,290,195.95,1550,0.166021,P
1112,290,28.2,1550,0.170854,C
1113,290,178.75,1525,0.172112,P
1114,290,35.8,1525,0.17624,C
1115,290,162.45,1500,0.177603,P
1116,290,159.4,1495,0.17887,P
1117,290,156.7,1490,0.18081,P
1118,290,44.5,1500,0.181636,C
1119,290,153.6,1485,0.181757,P
1120,290,46.45,1495,0.182891,C
1121,290,150.65,1480,0.182936,P
1122,290,48.2,1490,0.183604,C
1123,290,148.0,1475,0.184668,P
1124,290,50.3,1485,0.184994,C
1125,290,52.45,1480,0.186394,C
1126,290,54.4,1475,0.18726500000000001,C
1127,290,134.2,1450,0.190685,P
1128,290,131.6,1445,0.191951,P
1129,290,65.7,1450,0.19356099999999998,C
1130,290,68.35,1445,0.195365,C
1131,290,121.75,1425,0.197277,P
1132,290,78.3,1425,0.200354,C
1133,290,110.6,1400,0.20443599999999998,P
1134,290,91.45,1400,0.206208,C
1135,290,100.05,1375,0.21086100000000002,P
1136,290,105.85,1375,0.21268600000000001,C
1137,290,90.4,1350,0.217298,P
1138,290,121.5,1350,0.21992899999999999,C
1139,290,81.6,1325,0.223777,P
1140,290,137.4,1325,0.225978,C
1141,290,73.75,1300,0.23066,P
1142,290,154.55,1300,0.23308600000000002,C
1143,290,66.45,1275,0.23721,P
1144,290,171.6,1275,0.238396,C
1145,290,59.85,1250,0.243883,P
1146,290,190.0,1250,0.245292,C
1147,290,53.8,1225,0.250456,P
1148,290,208.85,1225,0.251861,C
1149,290,48.45,1200,0.257444,P
1150,290,228.0,1200,0.257782,C
1151,290,43.15,1175,0.263212,P
1152,290,248.25,1175,0.265326,C
1153,290,38.75,1150,0.270214,P
1154,290,268.6,1150,0.271924,C
1155,290,34.65,1125,0.276897,P
1156,290,289.7,1125,0.279595,C
1157,290,310.35,1100,0.284554,C
1158,290,31.75,1100,0.286425,P
1159,290,27.45,1075,0.289891,P
1160,290,332.15,1075,0.29223899999999997,C
1161,290,24.45,1050,0.296797,P
1162,290,354.2,1050,0.29982,C
1163,290,21.75,1025,0.303794,P
1164,290,375.85,1025,0.30453800000000003,C
1165,290,19.3,1000,0.31078,P
1166,290,398.25,1000,0.311209,C
1167,290,17.0,975,0.317339,P
1168,290,420.8,975,0.317391,C
1169,290,15.1,950,0.32490399999999997,P
1170,290,444.4,950,0.328221,C
1171,290,490.25,900,0.33905100000000005,C
1172,290,11.75,900,0.339606,P
1173,290,8.9,850,0.35331799999999997,P
1174,290,537.85,850,0.35771,C
1175,290,6.6,800,0.366844,P
1176,290,584.95,800,0.36741999999999997,C
1177,290,4.95,750,0.382721,P
1178,290,3.125,700,0.388968,P
1179,290,633.65,750,0.390144,C
1180,290,2.2,650,0.40460999999999997,P
1181,290,682.15,700,0.407547,C
1182,290,730.4,650,0.41305600000000003,C
1183,290,1.6,600,0.42421899999999996,P
1184,290,779.35,600,0.42476400000000003,C
1185,290,877.95,500,0.442596,C
1186,290,0.525,500,0.445328,P
1187,290,829.1,550,0.461369,C
1188,290,1.575,550,0.46418000000000004,P
1189,290,977.6,400,0.526828,C
1190,290,0.5,400,0.535674,P
1191,290,1077.0,300,0.5674939999999999,C
1192,290,0.3,300,0.6227050000000001,P
1193,290,0.075,200,0.695209,P
1194,290,0.05,100,0.920126,P
1195,205,361.4,1750,0.125639,P
1196,205,312.45,1700,0.13483,P
1197,205,288.4,1675,0.13856300000000002,P
1198,205,264.75,1650,0.141895,P
1199,205,2.025,1700,0.145467,C
1200,205,241.7,1625,0.145544,P
1201,205,3.0,1675,0.147099,C
1202,205,4.25,1650,0.14802300000000002,C
1203,205,1.175,1750,0.148803,C
1204,205,219.45,1600,0.149645,P
1205,205,6.1,1625,0.15002000000000001,C
1206,205,8.9,1600,0.15371500000000002,C
1207,205,198.25,1575,0.15442,P
1208,205,12.5,1575,0.157174,C
1209,205,0.95,1800,0.15891,C
1210,205,178.3,1550,0.15981099999999998,P
1211,205,17.5,1550,0.162158,C
1212,205,159.75,1525,0.165733,P
1213,205,23.9,1525,0.167799,C
1214,205,0.85,1850,0.170379,C
1215,205,143.05,1500,0.17310599999999998,P
1216,205,31.85,1500,0.17414200000000002,C
1217,205,127.1,1475,0.17870899999999998,P
1218,205,41.35,1475,0.180979,C
1219,205,112.8,1450,0.185123,P
1220,205,52.4,1450,0.18829,C
1221,205,100.55,1425,0.193323,P
1222,205,64.6,1425,0.195199,C
1223,205,89.15,1400,0.200525,P
1224,205,78.4,1400,0.202995,C
1225,205,79.0,1375,0.207943,P
1226,205,93.2,1375,0.210436,C
1227,205,70.1,1350,0.21582300000000001,P
1228,205,109.2,1350,0.218246,C
1229,205,61.95,1325,0.223167,P
1230,205,126.25,1325,0.226318,C
1231,205,54.8,1300,0.23084000000000002,P
1232,205,144.1,1300,0.234262,C
1233,205,48.45,1275,0.23856999999999998,P
1234,205,162.65,1275,0.242027,C
1235,205,42.65,1250,0.24585900000000002,P
1236,205,181.8,1250,0.24952399999999997,C
1237,205,37.65,1225,0.253662,P
1238,205,201.9,1225,0.25804699999999997,C
1239,205,33.2,1200,0.26145799999999997,P
1240,205,222.45,1200,0.26633,C
1241,205,29.2,1175,0.269099,P
1242,205,243.55,1175,0.274901,C
1243,205,25.75,1150,0.277167,P
1244,205,264.9,1150,0.282844,C
1245,205,22.6,1125,0.284887,P
1246,205,286.75,1125,0.291275,C
1247,205,19.8,1100,0.292604,P
1248,205,308.9,1100,0.299576,C
1249,205,17.35,1075,0.300518,P
1250,205,15.1,1050,0.30800900000000003,P
1251,205,331.55,1075,0.30891799999999997,C
1252,205,13.2,1025,0.316101,P
1253,205,354.05,1050,0.316129,C
1254,205,11.5,1000,0.32411100000000004,P
1255,205,377.25,1025,0.325973,C
1256,205,10.15,975,0.333388,P
1257,205,400.55,1000,0.335362,C
1258,205,8.85,950,0.341882,P
1259,205,424.0,975,0.344659,C
1260,205,7.65,925,0.349948,P
1261,205,447.65,950,0.35438200000000003,C
1262,205,6.65,900,0.35871,P
1263,205,471.55,925,0.365249,C
1264,205,5.8,875,0.367978,P
1265,205,495.35,900,0.374233,C
1266,205,5.0,850,0.376681,P
1267,205,519.45,875,0.385252,C
1268,205,3.725,800,0.395217,P
1269,205,543.6,850,0.396027,C
1270,205,2.925,750,0.41863999999999996,P
1271,205,592.3,800,0.420613,C
1272,205,2.15,700,0.43911300000000003,P
1273,205,641.25,750,0.446925,C
1274,205,690.35,700,0.474253,C
1275,205,1.2,600,0.487846,P
1276,205,789.15,600,0.540748,C
1277,205,0.925,500,0.567678,P
1278,205,888.25,500,0.619163,C
1279,205,0.8,400,0.673622,P
1280,205,987.9,400,0.737923,C
1281,204,288.1,1675,0.11101300000000001,P
1282,204,264.35,1650,0.124777,P
1283,204,241.15,1625,0.13277,P
1284,204,1.15,1700,0.133578,C
1285,204,2.05,1675,0.138051,C
1286,204,0.7,1750,0.139164,C
1287,204,218.7,1600,0.139194,P
1288,204,3.225,1650,0.140752,C
1289,204,4.85,1625,0.143157,C
1290,204,197.25,1575,0.145295,P
1291,204,7.45,1600,0.147559,C
1292,204,0.525,1800,0.147865,C
1293,204,10.8,1575,0.151312,C
1294,204,177.1,1550,0.15177000000000002,P
1295,204,15.6,1550,0.15676199999999998,C
1296,204,0.45,1850,0.158187,C
1297,204,158.35,1525,0.158398,P
1298,204,21.85,1525,0.162874,C
1299,204,141.3,1500,0.165797,P
1300,204,29.45,1500,0.168956,C
1301,204,125.2,1475,0.171753,P
1302,204,38.65,1475,0.17560599999999998,C
1303,204,111.4,1450,0.179978,P
1304,204,49.5,1450,0.182886,C
1305,204,98.35,1425,0.186569,P
1306,204,61.55,1425,0.18976600000000002,C
1307,204,87.25,1400,0.19474,P
1308,204,75.15,1400,0.197305,C
1309,204,76.95,1375,0.201917,P
1310,204,89.95,1375,0.20486999999999997,C
1311,204,67.95,1350,0.209575,P
1312,204,105.6,1350,0.211842,C
1313,204,59.95,1325,0.217243,P
1314,204,122.5,1325,0.219458,C
1315,204,52.85,1300,0.22492600000000001,P
1316,204,140.55,1300,0.22778,C
1317,204,46.55,1275,0.232609,P
1318,204,158.9,1275,0.23476,C
1319,204,40.85,1250,0.239948,P
1320,204,178.1,1250,0.242081,C
1321,204,35.9,1225,0.247614,P
1322,204,198.1,1225,0.24989299999999998,C
1323,204,31.7,1200,0.25592800000000004,P
1324,204,218.55,1200,0.25733,C
1325,204,27.6,1175,0.262829,P
1326,204,239.65,1175,0.265289,C
1327,204,24.2,1150,0.270646,P
1328,204,261.4,1150,0.27413200000000004,C
1329,204,21.2,1125,0.278514,P
1330,204,283.0,1125,0.28075500000000003,C
1331,204,18.55,1100,0.286418,P
1332,204,305.15,1100,0.288137,C
1333,204,16.05,1075,0.293491,P
1334,204,328.1,1075,0.298078,C
1335,204,14.0,1050,0.301481,P
1336,204,350.5,1050,0.303573,C
1337,204,12.25,1025,0.30990500000000004,P
1338,204,373.6,1025,0.311554,C
1339,204,10.6,1000,0.317614,P
1340,204,397.1,1000,0.320921,C
1341,204,9.1,975,0.324949,P
1342,204,420.6,975,0.32906199999999997,C
1343,204,7.85,950,0.33291,P
1344,204,444.15,950,0.33614,C
1345,204,6.75,925,0.34089,P
1346,204,468.15,925,0.346072,C
1347,204,5.95,900,0.35088600000000003,P
1348,204,492.1,900,0.35434899999999997,C
1349,204,4.95,875,0.3571,P
1350,204,516.1,875,0.361746,C
1351,204,4.35,850,0.367375,P
1352,204,540.75,850,0.37692600000000004,C
1353,204,3.15,800,0.384517,P
1354,204,589.1,800,0.390309,C
1355,204,2.075,750,0.397339,P
1356,204,638.1,750,0.409872,C
1357,204,1.55,700,0.41943100000000005,P
1358,204,687.25,700,0.428066,C
1359,204,0.775,600,0.46266599999999997,P
1360,204,786.1,600,0.467049,C
1361,204,885.4,500,0.507886,C
1362,204,0.55,500,0.535305,P
1363,204,984.95,400,0.5406979999999999,C
1364,204,0.475,400,0.636591,P
1365,193,0.975,1700,0.133327,C
1366,193,1.675,1675,0.136355,C
1367,193,311.7,1700,0.143163,P
1368,193,4.45,1625,0.143453,C
1369,193,336.2,1725,0.14368699999999998,P
1370,193,360.85,1750,0.14476,P
1371,193,263.6,1650,0.145009,P
1372,193,3.475,1650,0.146102,C
1373,193,385.6,1775,0.146362,P
1374,193,1.25,1725,0.146707,C
1375,193,287.75,1675,0.146865,P
1376,193,6.85,1600,0.14740599999999998,C
1377,193,240.5,1625,0.14868900000000002,P
1378,193,410.45,1800,0.149799,P
1379,193,217.75,1600,0.150471,P
1380,193,10.15,1575,0.15154,C
1381,193,1.125,1750,0.152355,C
1382,193,460.15,1850,0.153147,P
1383,193,196.15,1575,0.15427000000000002,P
1384,193,14.75,1550,0.15673,C
1385,193,509.95,1900,0.15726600000000002,P
1386,193,1.025,1775,0.15800899999999998,C
1387,193,176.25,1550,0.160701,P
1388,193,1.0,1800,0.164981,C
1389,193,21.55,1525,0.16506600000000002,C
1390,193,157.05,1525,0.165122,P
1391,193,559.85,1950,0.168059,P
1392,193,29.15,1500,0.171237,C
1393,193,139.9,1500,0.171881,P
1394,193,0.875,1850,0.176345,C
1395,193,38.35,1475,0.17793599999999998,C
1396,193,609.75,2000,0.178375,P
1397,193,124.1,1475,0.17840799999999998,P
1398,193,109.65,1450,0.184789,P
1399,193,49.25,1450,0.185363,C
1400,193,0.85,1900,0.18945399999999998,C
1401,193,96.85,1425,0.191902,P
1402,193,61.45,1425,0.192577,C
1403,193,84.7,1400,0.197384,P
1404,193,75.1,1400,0.20017200000000002,C
1405,193,0.825,1950,0.20196,C
1406,193,75.25,1375,0.20659299999999997,P
1407,193,90.25,1375,0.20851599999999998,C
1408,193,66.45,1350,0.214678,P
1409,193,0.825,2000,0.21473499999999998,C
1410,193,106.3,1350,0.21638000000000002,C
1411,193,58.4,1325,0.222124,P
1412,193,123.25,1325,0.224012,C
1413,193,51.5,1300,0.23025500000000002,P
1414,193,141.2,1300,0.231942,C
1415,193,45.15,1275,0.237683,P
1416,193,159.85,1275,0.239602,C
1417,193,39.75,1250,0.245812,P
1418,193,179.5,1250,0.248156,C
1419,193,34.75,1225,0.253198,P
1420,193,199.5,1225,0.255867,C
1421,193,30.5,1200,0.261204,P
1422,193,220.35,1200,0.26460900000000004,C
1423,193,29.1,1190,0.265005,P
1424,193,228.8,1190,0.268023,C
1425,193,27.6,1180,0.26816799999999996,P
1426,193,26.75,1175,0.269248,P
1427,193,237.25,1180,0.271163,C
1428,193,26.15,1170,0.271244,P
1429,193,241.55,1175,0.272919,C
1430,193,245.85,1170,0.27461199999999997,C
1431,193,23.3,1150,0.27672199999999997,P
1432,193,263.4,1150,0.282194,C
1433,193,20.6,1125,0.28581999999999996,P
1434,193,285.25,1125,0.28991,C
1435,193,17.9,1100,0.293377,P
1436,193,307.6,1100,0.29836,C
1437,193,15.6,1075,0.301399,P
1438,193,330.3,1075,0.30714400000000003,C
1439,193,13.55,1050,0.309313,P
1440,193,353.3,1050,0.316256,C
1441,193,11.8,1025,0.31764499999999996,P
1442,193,10.3,1000,0.326356,P
1443,193,376.7,1025,0.326653,C
1444,193,399.9,1000,0.334449,C
1445,193,9.05,975,0.33577399999999996,P
1446,193,423.45,975,0.343464,C
1447,193,7.85,950,0.344379,P
1448,193,6.8,925,0.353121,P
1449,193,447.25,950,0.35339299999999996,C
1450,193,5.9,900,0.362232,P
1451,193,471.1,925,0.362654,C
1452,193,3.65,850,0.368042,P
1453,193,5.05,875,0.370633,P
1454,193,495.15,900,0.372865,C
1455,193,3.35,825,0.381796,P
1456,193,519.35,875,0.383867,C
1457,193,2.95,800,0.393121,P
1458,193,2.2,775,0.39441,P
1459,193,543.8,850,0.39744,C
1460,193,567.9,825,0.405159,C
1461,193,2.075,750,0.410571,P
1462,193,592.3,800,0.416351,C
1463,193,1.7,725,0.41851800000000006,P
1464,193,0.875,675,0.421446,P
1465,193,0.675,650,0.428159,P
1466,193,1.425,700,0.428305,P
1467,193,616.8,775,0.42855699999999997,C
1468,193,0.5,625,0.43356400000000006,P
1469,193,641.55,750,0.445481,C
1470,193,665.9,725,0.452926,C
1471,193,0.35,575,0.458031,P
1472,193,0.575,600,0.46147,P
1473,193,0.275,550,0.468189,P
1474,193,690.8,700,0.47339799999999993,C
1475,193,0.25,525,0.48589799999999994,P
1476,193,715.5,675,0.48879799999999995,C
1477,193,739.95,650,0.495521,C
1478,193,0.2,500,0.4983,P
1479,193,0.175,475,0.515763,P
1480,193,764.95,625,0.520572,C
1481,193,0.15,450,0.533177,P
1482,193,789.75,600,0.539071,C
1483,193,0.125,425,0.550268,P
1484,193,0.075,400,0.553161,P
1485,193,814.5,575,0.555614,C
1486,193,839.4,550,0.5790930000000001,C
1487,193,0.05,350,0.591644,P
1488,193,864.2,525,0.598438,C
1489,193,889.05,500,0.620791,C
1490,193,913.95,475,0.646915,C
1491,193,0.05,300,0.656576,P
1492,193,938.85,450,0.674301,C
1493,193,963.75,425,0.703112,C
1494,193,988.65,400,0.733527,C
1495,193,1038.45,350,0.800083,C
1496,193,0.05,200,0.829169,P
1497,193,1088.35,300,0.8865719999999999,C
1498,193,0.025,100,1.075085,P
1499,193,1188.1,200,1.1120290000000002,C
1500,193,1287.85,100,1.516059,C
1501,192,311.6,1700,0.095997,P
1502,192,287.0,1675,0.111661,P
1503,192,1.0,1675,0.126479,C
1504,192,0.675,1700,0.127408,C
1505,192,263.25,1650,0.127446,P
1506,192,239.7,1625,0.133026,P
1507,192,216.6,1600,0.13651300000000002,P
1508,192,2.375,1650,0.136614,C
1509,192,3.55,1625,0.13761900000000002,C
1510,192,0.775,1725,0.137741,C
1511,192,0.65,1750,0.142018,C
1512,192,5.75,1600,0.14213199999999998,C
1513,192,194.8,1575,0.142651,P
1514,192,8.75,1575,0.146242,C
1515,192,0.575,1775,0.147049,C
1516,192,174.4,1550,0.149608,P
1517,192,13.2,1550,0.152097,C
1518,192,0.525,1800,0.15243900000000002,C
1519,192,155.25,1525,0.15600799999999998,P
1520,192,19.15,1525,0.158618,C
1521,192,137.5,1500,0.16225599999999998,P
1522,192,0.45,1850,0.163118,C
1523,192,26.45,1500,0.16485999999999998,C
1524,192,121.6,1475,0.169523,P
1525,192,35.4,1475,0.171628,C
1526,192,0.425,1900,0.174974,C
1527,192,107.2,1450,0.176729,P
1528,192,46.0,1450,0.178841,C
1529,192,94.25,1425,0.18391300000000002,P
1530,192,58.05,1425,0.18608,C
1531,192,0.425,1950,0.18746,C
1532,192,83.0,1400,0.191917,P
1533,192,71.55,1400,0.193554,C
1534,192,0.425,2000,0.199516,C
1535,192,73.05,1375,0.200004,P
1536,192,86.3,1375,0.201015,C
1537,192,63.9,1350,0.207198,P
1538,192,102.25,1350,0.20861300000000002,C
1539,192,56.1,1325,0.21519899999999997,P
1540,192,119.25,1325,0.21625300000000003,C
1541,192,49.25,1300,0.223289,P
1542,192,137.15,1300,0.22381900000000002,C
1543,192,42.9,1275,0.23044699999999999,P
1544,192,155.95,1275,0.231595,C
1545,192,37.5,1250,0.238225,P
1546,192,175.45,1250,0.239279,C
1547,192,32.85,1225,0.24635900000000002,P
1548,192,195.75,1225,0.24747800000000003,C
1549,192,28.65,1200,0.254104,P
1550,192,216.2,1200,0.254188,C
1551,192,27.45,1190,0.25848499999999996,P
1552,192,225.05,1190,0.258834,C
1553,192,25.85,1180,0.261067,P
1554,192,233.35,1180,0.261106,C
1555,192,25.3,1175,0.26324000000000003,P
1556,192,237.8,1175,0.263317,C
1557,192,24.6,1170,0.264748,P
1558,192,242.1,1170,0.264864,C
1559,192,22.1,1150,0.271336,P
1560,192,259.7,1150,0.272061,C
1561,192,281.55,1125,0.278862,C
1562,192,19.2,1125,0.279048,P
1563,192,303.8,1100,0.28573899999999997,C
1564,192,16.5,1100,0.285964,P
1565,192,326.4,1075,0.29267600000000005,C
1566,192,14.4,1075,0.294431,P
1567,192,12.4,1050,0.301937,P
1568,192,349.7,1050,0.302268,C
1569,192,372.7,1025,0.308323,C
1570,192,10.8,1025,0.310562,P
1571,192,396.4,1000,0.318006,C
1572,192,9.4,1000,0.319297,P
1573,192,7.95,975,0.326075,P
1574,192,420.25,975,0.32782100000000003,C
1575,192,6.85,950,0.33450100000000005,P
1576,192,444.1,950,0.33643,C
1577,192,467.8,925,0.341719,C
1578,192,5.85,925,0.342538,P
1579,192,491.7,900,0.34715,C
1580,192,5.15,900,0.352919,P
1581,192,515.85,875,0.35399400000000003,C
1582,192,4.25,875,0.359176,P
1583,192,3.35,850,0.36296799999999996,P
1584,192,540.4,850,0.366096,C
1585,192,2.925,825,0.373611,P
1586,192,565.05,825,0.37959,C
1587,192,761.6,625,0.381037,C
1588,192,589.25,800,0.38231,C
1589,192,1.9,775,0.38628,P
1590,192,638.1,750,0.38866300000000004,C
1591,192,613.8,775,0.39095,C
1592,192,2.85,800,0.391372,P
1593,192,662.75,725,0.394917,C
1594,192,811.45,575,0.39928600000000003,C
1595,192,2.0,750,0.408857,P
1596,192,0.675,675,0.40898,P
1597,192,687.65,700,0.41172,C
1598,192,712.35,675,0.417042,C
1599,192,1.675,725,0.418207,P
1600,192,786.65,600,0.42013199999999995,C
1601,192,737.1,650,0.42214799999999997,C
1602,192,1.425,700,0.42891599999999996,P
1603,192,0.7,650,0.43065699999999996,P
1604,192,0.6,625,0.44329700000000005,P
1605,192,0.3,575,0.45156899999999994,P
1606,192,0.625,600,0.466649,P
1607,192,0.25,525,0.486746,P
1608,192,0.425,550,0.490584,P
1609,192,0.175,500,0.492987,P
1610,192,0.15,475,0.509475,P
1611,192,0.175,450,0.541726,P
1612,192,0.125,425,0.551311,P
1613,192,0.075,400,0.554226,P
1614,192,0.05,350,0.592823,P
1615,192,0.05,300,0.657928,P
1616,192,0.025,200,0.789602,P
1617,192,0.025,100,1.0775629999999998,P
1618,137,280.8,1675,0.09063600000000001,P
1619,137,256.15,1650,0.11731400000000002,P
1620,137,231.75,1625,0.124386,P
1621,137,207.8,1600,0.129746,P
1622,137,184.45,1575,0.133926,P
1623,137,1.7,1625,0.13836099999999998,C
1624,137,2.725,1600,0.139095,C
1625,137,162.45,1550,0.140852,P
1626,137,4.4,1575,0.141001,C
1627,137,1.225,1650,0.14143599999999998,C
1628,137,7.15,1550,0.144739,C
1629,137,141.45,1525,0.145803,P
1630,137,1.0,1675,0.14707699999999999,C
1631,137,10.8,1525,0.147394,C
1632,137,122.35,1500,0.15248699999999998,P
1633,137,0.875,1700,0.153872,C
1634,137,17.2,1500,0.155866,C
1635,137,105.3,1475,0.160168,P
1636,137,0.825,1725,0.16198099999999999,C
1637,137,25.0,1475,0.162731,C
1638,137,90.45,1450,0.168888,P
1639,137,0.775,1750,0.169699,C
1640,137,35.15,1450,0.171346,C
1641,137,77.2,1425,0.17686300000000002,P
1642,137,0.75,1775,0.177836,C
1643,137,47.05,1425,0.179764,C
1644,137,65.95,1400,0.18571300000000002,P
1645,137,0.775,1800,0.187361,C
1646,137,60.8,1400,0.18867899999999999,C
1647,137,56.15,1375,0.19426,P
1648,137,76.3,1375,0.198272,C
1649,137,48.05,1350,0.203807,P
1650,137,92.9,1350,0.20713099999999998,C
1651,137,40.85,1325,0.212441,P
1652,137,111.0,1325,0.21703499999999998,C
1653,137,34.8,1300,0.22144299999999997,P
1654,137,129.65,1300,0.225415,C
1655,137,29.6,1275,0.23030799999999998,P
1656,137,149.7,1275,0.235663,C
1657,137,25.15,1250,0.239116,P
1658,137,170.3,1250,0.245292,C
1659,137,21.35,1225,0.247901,P
1660,137,191.8,1225,0.25617399999999996,C
1661,137,18.35,1200,0.257902,P
1662,137,213.55,1200,0.265941,C
1663,137,15.55,1175,0.266621,P
1664,137,235.7,1175,0.275462,C
1665,137,13.25,1150,0.275903,P
1666,137,258.35,1150,0.28565,C
1667,137,11.35,1125,0.28567800000000004,P
1668,137,9.65,1100,0.294925,P
1669,137,281.6,1125,0.29777600000000004,C
1670,137,8.15,1075,0.303786,P
1671,137,304.65,1100,0.306873,C
1672,137,7.1,1050,0.315038,P
1673,137,328.2,1075,0.31795999999999996,C
1674,137,6.0,1025,0.324189,P
1675,137,352.0,1050,0.329752,C
1676,137,5.15,1000,0.334581,P
1677,137,376.15,1025,0.343762,C
1678,137,4.45,975,0.345558,P
1679,137,400.0,1000,0.35349400000000003,C
1680,137,2.675,925,0.35444200000000003,P
1681,137,3.8,950,0.35589699999999996,P
1682,137,2.2,900,0.363187,P
1683,137,424.45,975,0.369102,C
1684,137,1.8,875,0.37193699999999996,P
1685,137,448.55,950,0.37932899999999997,C
1686,137,1.525,850,0.38293,P
1687,137,1.225,825,0.391289,P
1688,137,473.2,925,0.396602,C
1689,137,0.975,800,0.399559,P
1690,137,0.75,775,0.406533,P
1691,137,497.7,900,0.41122299999999995,C
1692,137,522.25,875,0.426163,C
1693,137,546.9,850,0.442615,C
1694,137,1.225,750,0.45509099999999997,P
1695,137,571.55,825,0.458794,C
1696,137,1.1,725,0.47095299999999995,P
1697,137,596.25,800,0.47586999999999996,C
1698,137,621.0,775,0.494104,C
1699,137,1.225,700,0.501092,P
1700,137,0.95,675,0.50836,P
1701,137,645.75,750,0.5123270000000001,C
1702,137,0.9,650,0.529175,P
1703,137,670.55,725,0.532104,C
1704,137,0.85,625,0.550487,P
1705,137,695.35,700,0.55207,C
1706,137,720.2,675,0.574091,C
1707,137,0.825,600,0.57445,P
1708,137,745.05,650,0.59659,C
1709,137,0.8,575,0.5993,P
1710,137,769.9,625,0.619594,C
1711,137,0.775,550,0.6251220000000001,P
1712,137,794.8,600,0.645459,C
1713,137,0.75,525,0.652012,P
1714,137,819.7,575,0.672233,C
1715,137,0.75,500,0.682774,P
1716,137,844.6,550,0.7000149999999999,C
1717,137,869.5,525,0.728899,C
1718,137,894.2,500,0.746541,C
1719,137,0.725,400,0.820783,P
1720,137,994.2,400,0.909869,C
1721,137,0.725,300,1.0041309999999999,P
1722,137,1094.0,300,1.106252,C
1723,137,0.7,200,1.2629059999999999,P
1724,137,1193.6,200,1.364326,C
1725,137,0.7,100,1.732362,P
1726,137,1293.4,100,1.862875,C
1727,136,207.6,1600,0.099024,P
1728,136,184.15,1575,0.11804,P
1729,136,0.95,1625,0.126743,C
1730,136,161.65,1550,0.127711,P
1731,136,0.7,1650,0.13103900000000002,C
1732,136,1.925,1600,0.131191,C
1733,136,3.075,1575,0.131232,C
1734,136,140.35,1525,0.134937,P
1735,136,0.575,1675,0.137015,C
1736,136,5.75,1550,0.137686,C
1737,136,9.5,1525,0.142773,C
1738,136,0.5,1700,0.14366400000000001,C
1739,136,121.25,1500,0.144249,P
1740,136,0.45,1725,0.15061,C
1741,136,15.55,1500,0.15121199999999999,C
1742,136,104.15,1475,0.153344,P
1743,136,23.0,1475,0.157879,C
1744,136,0.425,1750,0.158171,C
1745,136,88.95,1450,0.161969,P
1746,136,0.4,1775,0.165404,C
1747,136,32.85,1450,0.166354,C
1748,136,75.8,1425,0.170929,P
1749,136,0.375,1800,0.172312,C
1750,136,44.45,1425,0.174446,C
1751,136,64.25,1400,0.179289,P
1752,136,57.85,1400,0.182705,C
1753,136,54.85,1375,0.18923900000000002,P
1754,136,73.4,1375,0.19265,C
1755,136,46.35,1350,0.197608,P
1756,136,89.85,1350,0.20109000000000002,C
1757,136,39.55,1325,0.207448,P
1758,136,107.45,1325,0.20925,C
1759,136,33.45,1300,0.216123,P
1760,136,126.65,1300,0.219227,C
1761,136,28.3,1275,0.22491399999999998,P
1762,136,146.6,1275,0.228783,C
1763,136,23.95,1250,0.233789,P
1764,136,167.25,1250,0.238157,C
1765,136,20.3,1225,0.242853,P
1766,136,188.35,1225,0.246669,C
1767,136,17.15,1200,0.251657,P
1768,136,209.9,1200,0.254531,C
1769,136,14.6,1175,0.26117399999999996,P
1770,136,232.65,1175,0.26626700000000003,C
1771,136,12.3,1150,0.269869,P
1772,136,255.35,1150,0.27579699999999996,C
1773,136,10.45,1125,0.279318,P
1774,136,278.2,1125,0.28407899999999997,C
1775,136,8.9,1100,0.289012,P
1776,136,301.55,1100,0.293838,C
1777,136,7.5,1075,0.298018,P
1778,136,325.15,1075,0.30380300000000005,C
1779,136,6.4,1050,0.30802399999999996,P
1780,136,349.0,1050,0.314399,C
1781,136,5.4,1025,0.317368,P
1782,136,372.8,1025,0.32266999999999996,C
1783,136,4.6,1000,0.32749,P
1784,136,3.8,975,0.335805,P
1785,136,397.15,1000,0.335975,C
1786,136,421.25,975,0.344598,C
1787,136,3.2,950,0.345555,P
1788,136,2.45,925,0.34989699999999996,P
1789,136,445.4,950,0.351788,C
1790,136,1.95,900,0.357011,P
1791,136,1.575,875,0.365305,P
1792,136,470.1,925,0.367521,C
1793,136,1.15,850,0.368744,P
1794,136,0.875,825,0.374925,P
1795,136,494.65,900,0.37966700000000003,C
1796,136,0.725,800,0.385633,P
1797,136,519.15,875,0.38933,C
1798,136,0.575,775,0.394594,P
1799,136,543.8,850,0.40152600000000005,C
1800,136,568.5,825,0.414238,C
1801,136,593.25,800,0.427831,C
1802,136,0.775,750,0.430019,P
1803,136,618.0,775,0.44056000000000006,C
1804,136,0.7,725,0.446037,P
1805,136,642.8,750,0.45466899999999993,C
1806,136,667.6,725,0.467951,C
1807,136,0.85,700,0.47931999999999997,P
1808,136,0.575,675,0.479763,P
1809,136,692.45,700,0.48344899999999996,C
1810,136,717.3,675,0.498383,C
1811,136,0.55,650,0.500428,P
1812,136,742.15,650,0.512484,C
1813,136,0.5,625,0.518848,P
1814,136,767.05,625,0.530478,C
1815,136,0.475,600,0.540514,P
1816,136,791.95,600,0.548354,C
1817,136,0.45,575,0.562843,P
1818,136,816.85,575,0.565945,C
1819,136,841.75,550,0.583023,C
1820,136,0.425,550,0.5858869999999999,P
1821,136,866.65,525,0.599196,C
1822,136,0.4,525,0.609704,P
1823,136,891.6,500,0.6243029999999999,C
1824,136,0.4,500,0.638655,P
1825,136,991.35,400,0.720986,C
1826,136,0.375,400,0.766346,P
1827,136,1091.15,300,0.849665,C
1828,136,0.375,300,0.938069,P
1829,136,1191.0,200,1.057888,C
1830,136,0.35,200,1.1761840000000001,P
1831,136,1290.85,100,1.421938,C
1832,136,0.375,100,1.622214,P
1833,118,254.55,1650,0.114575,P
1834,118,229.9,1625,0.121116,P
1835,118,205.55,1600,0.12551600000000002,P
1836,118,181.7,1575,0.129363,P
1837,118,158.75,1550,0.134187,P
1838,118,1.7,1600,0.135512,C
1839,118,2.9,1575,0.13681600000000002,C
1840,118,1.1,1625,0.137248,C
1841,118,4.85,1550,0.138847,C
1842,118,137.1,1525,0.13980499999999998,P
1843,118,8.15,1525,0.143131,C
1844,118,0.975,1650,0.145767,C
1845,118,117.55,1500,0.147952,P
1846,118,13.25,1500,0.149148,C
1847,118,99.8,1475,0.15542899999999998,P
1848,118,20.6,1475,0.15692799999999998,C
1849,118,0.8,1700,0.16241,C
1850,118,84.15,1450,0.16323,P
1851,118,30.1,1450,0.165188,C
1852,118,70.85,1425,0.17216199999999998,P
1853,118,42.0,1425,0.174753,C
1854,118,0.75,1750,0.180724,C
1855,118,59.7,1400,0.181885,P
1856,118,55.8,1400,0.184372,C
1857,118,50.0,1375,0.190797,P
1858,118,71.25,1375,0.193906,C
1859,118,0.725,1800,0.198746,C
1860,118,41.8,1350,0.199717,P
1861,118,88.25,1350,0.20373,C
1862,118,35.2,1325,0.209729,P
1863,118,106.6,1325,0.21391500000000002,C
1864,118,0.725,1850,0.216822,C
1865,118,29.5,1300,0.21910700000000002,P
1866,118,125.85,1300,0.22354000000000002,C
1867,118,24.8,1275,0.228831,P
1868,118,146.2,1275,0.23399999999999999,C
1869,118,20.75,1250,0.238056,P
1870,118,167.25,1250,0.24435199999999999,C
1871,118,17.4,1225,0.24752399999999997,P
1872,118,188.9,1225,0.254666,C
1873,118,14.7,1200,0.257652,P
1874,118,211.05,1200,0.26492899999999997,C
1875,118,12.3,1175,0.266961,P
1876,118,233.7,1175,0.27565,C
1877,118,10.4,1150,0.277149,P
1878,118,8.7,1125,0.286549,P
1879,118,256.75,1150,0.28677600000000003,C
1880,118,7.3,1100,0.29626199999999997,P
1881,118,280.05,1125,0.297696,C
1882,118,6.3,1075,0.30802199999999996,P
1883,118,303.65,1100,0.30918,C
1884,118,5.3,1050,0.318046,P
1885,118,327.5,1075,0.321306,C
1886,118,4.5,1025,0.328797,P
1887,118,351.5,1050,0.333498,C
1888,118,3.9,1000,0.340987,P
1889,118,375.7,1025,0.346694,C
1890,118,3.3,975,0.35172800000000004,P
1891,118,399.85,1000,0.35790500000000003,C
1892,118,2.8,950,0.362804,P
1893,118,424.25,975,0.371462,C
1894,118,2.375,925,0.37403800000000004,P
1895,118,448.7,950,0.384842,C
1896,118,2.0,900,0.38503699999999996,P
1897,118,473.3,925,0.400179,C
1898,118,1.8,875,0.400251,P
1899,118,1.55,850,0.413016,P
1900,118,497.9,900,0.414883,C
1901,118,522.55,875,0.43006000000000005,C
1902,118,1.175,800,0.440665,P
1903,118,547.25,850,0.445959,C
1904,118,0.975,750,0.47503199999999995,P
1905,118,596.8,800,0.481171,C
1906,118,0.875,700,0.516091,P
1907,118,646.4,750,0.517447,C
1908,118,0.025,500,0.5386880000000001,P
1909,118,696.15,700,0.560264,C
1910,118,0.825,650,0.563009,P
1911,118,0.025,450,0.592176,P
1912,118,745.95,650,0.607308,C
1913,118,0.775,600,0.613065,P
1914,118,0.025,400,0.6520739999999999,P
1915,118,795.75,600,0.656827,C
1916,118,0.75,550,0.669509,P
1917,118,845.65,550,0.716575,C
1918,118,895.5,500,0.7777470000000001,C
1919,118,945.4,450,0.849248,C
1920,118,995.3,400,0.929148,C
1921,117,181.9,1575,0.11335999999999999,P
1922,117,158.75,1550,0.123556,P
1923,117,0.95,1600,0.123954,C
1924,117,1.95,1575,0.127528,C
1925,117,0.675,1625,0.128618,C
1926,117,136.65,1525,0.13026400000000002,P
1927,117,3.7,1550,0.131348,C
1928,117,0.55,1650,0.135417,C
1929,117,6.8,1525,0.13705699999999998,C
1930,117,116.8,1500,0.139957,P
1931,117,11.35,1500,0.142404,C
1932,117,98.85,1475,0.14852,P
1933,117,0.425,1700,0.15052000000000001,C
1934,117,18.7,1475,0.151812,C
1935,117,0.075,1800,0.15629500000000002,C
1936,117,83.2,1450,0.15754,P
1937,117,28.0,1450,0.160391,C
1938,117,69.8,1425,0.166909,P
1939,117,0.4,1750,0.168049,C
1940,117,39.5,1425,0.16935799999999998,C
1941,117,58.4,1400,0.176305,P
1942,117,52.9,1400,0.17816400000000002,C
1943,117,48.7,1375,0.18545799999999998,P
1944,117,68.4,1375,0.188089,C
1945,117,40.7,1350,0.195118,P
1946,117,85.25,1350,0.197451,C
1947,117,0.375,1850,0.201569,C
1948,117,33.95,1325,0.204552,P
1949,117,103.35,1325,0.20659699999999998,C
1950,117,28.25,1300,0.21373000000000003,P
1951,117,122.8,1300,0.21664,C
1952,117,23.6,1275,0.223349,P
1953,117,142.7,1275,0.224735,C
1954,117,19.6,1250,0.232384,P
1955,117,163.7,1250,0.23405700000000002,C
1956,117,16.3,1225,0.24159099999999997,P
1957,117,185.45,1225,0.24387899999999998,C
1958,117,13.65,1200,0.25140500000000005,P
1959,117,207.6,1200,0.252952,C
1960,117,11.35,1175,0.26064899999999996,P
1961,117,230.25,1175,0.262257,C
1962,117,9.35,1150,0.26926700000000003,P
1963,117,253.35,1150,0.272104,C
1964,117,7.75,1125,0.278451,P
1965,117,276.7,1125,0.281515,C
1966,117,6.5,1100,0.288528,P
1967,117,300.4,1100,0.29181799999999997,C
1968,117,5.3,1075,0.296823,P
1969,117,324.25,1075,0.30158,C
1970,117,4.5,1050,0.30785,P
1971,117,348.3,1050,0.311654,C
1972,117,3.775,1025,0.318185,P
1973,117,372.5,1025,0.321848,C
1974,117,3.0,1000,0.325432,P
1975,117,396.85,1000,0.33262600000000003,C
1976,117,2.6,975,0.337956,P
1977,117,421.3,975,0.343599,C
1978,117,2.025,950,0.344551,P
1979,117,445.8,950,0.353966,C
1980,117,1.8,925,0.358724,P
1981,117,1.325,900,0.36288899999999996,P
1982,117,470.4,925,0.365165,C
1983,117,494.9,900,0.371112,C
1984,117,1.2,875,0.378316,P
1985,117,519.6,875,0.38147,C
1986,117,0.95,850,0.38694,P
1987,117,544.45,850,0.39707800000000004,C
1988,117,743.1,650,0.40867600000000004,C
1989,117,593.9,800,0.41020100000000004,C
1990,117,0.725,800,0.41513,P
1991,117,643.55,750,0.424098,C
1992,117,693.35,700,0.444194,C
1993,117,0.6,750,0.44875,P
1994,117,0.525,700,0.487098,P
1995,117,0.05,550,0.5183,P
1996,117,0.45,650,0.526533,P
1997,117,0.025,500,0.540532,P
1998,117,0.425,600,0.574546,P
1999,117,0.025,450,0.5942529999999999,P
2000,117,0.025,400,0.654411,P
2001,109,0.575,1625,0.129694,C
2002,109,180.8,1575,0.133499,P
2003,109,204.9,1600,0.133581,P
2004,109,229.35,1625,0.133917,P
2005,109,2.225,1575,0.13485,C
2006,109,1.325,1600,0.135074,C
2007,109,166.75,1560,0.135234,P
2008,109,3.075,1560,0.135477,C
2009,109,254.05,1650,0.135856,P
2010,109,157.55,1550,0.136382,P
2011,109,4.05,1550,0.13816199999999998,C
2012,109,148.6,1540,0.138237,P
2013,109,4.95,1540,0.13876,C
2014,109,135.4,1525,0.140044,P
2015,109,6.95,1525,0.141819,C
2016,109,0.2,1700,0.142344,C
2017,109,131.4,1520,0.14241199999999998,P
2018,109,7.7,1520,0.142653,C
2019,109,278.95,1675,0.142929,P
2020,109,123.0,1510,0.14363800000000002,P
2021,109,119.1,1505,0.145327,P
2022,109,0.725,1650,0.145385,C
2023,109,9.6,1510,0.145492,C
2024,109,0.075,1750,0.145609,C
2025,109,303.8,1700,0.145676,P
2026,109,10.5,1505,0.14611500000000002,C
2027,109,115.2,1500,0.146627,P
2028,109,0.15,1725,0.14699700000000002,C
2029,109,11.75,1500,0.148124,C
2030,109,111.6,1495,0.148964,P
2031,109,12.85,1495,0.149042,C
2032,109,328.7,1725,0.149095,P
2033,109,503.35,1900,0.15281199999999998,P
2034,109,378.55,1775,0.15348900000000001,P
2035,109,100.8,1480,0.153623,P
2036,109,0.075,1775,0.15378499999999998,C
2037,109,0.65,1675,0.153972,C
2038,109,17.15,1480,0.15417,C
2039,109,97.25,1475,0.154712,P
2040,109,353.65,1750,0.155546,P
2041,109,18.8,1475,0.156063,C
2042,109,87.5,1460,0.159583,P
2043,109,24.2,1460,0.16145,C
2044,109,0.075,1800,0.161801,C
2045,109,81.7,1450,0.16381099999999998,P
2046,109,28.15,1450,0.164752,C
2047,109,403.55,1800,0.16608599999999998,P
2048,109,76.1,1440,0.167508,P
2049,109,32.65,1440,0.16880499999999998,C
2050,109,453.45,1850,0.171601,P
2051,109,68.15,1425,0.17247200000000001,P
2052,109,39.65,1425,0.17361600000000002,C
2053,109,65.75,1420,0.17443,P
2054,109,42.2,1420,0.17541800000000002,C
2055,109,0.025,1900,0.175837,C
2056,109,0.075,1850,0.177384,C
2057,109,57.05,1400,0.18270999999999998,P
2058,109,53.55,1400,0.183924,C
2059,109,54.85,1395,0.184092,P
2060,109,603.25,2000,0.185089,P
2061,109,56.4,1395,0.18549100000000002,C
2062,109,53.0,1390,0.186408,P
2063,109,51.0,1385,0.188,P
2064,109,59.65,1390,0.188162,C
2065,109,62.65,1385,0.189778,C
2066,109,49.35,1380,0.190546,P
2067,109,65.9,1380,0.19201400000000002,C
2068,109,47.55,1375,0.192378,P
2069,109,69.15,1375,0.19404200000000002,C
2070,109,45.95,1370,0.19468,P
2071,109,72.4,1370,0.19586199999999998,C
2072,109,42.5,1360,0.197823,P
2073,109,79.15,1360,0.199756,C
2074,109,39.55,1350,0.201914,P
2075,109,0.025,2000,0.202351,C
2076,109,86.2,1350,0.203924,C
2077,109,36.8,1340,0.20598000000000002,P
2078,109,93.25,1340,0.20735100000000004,C
2079,109,32.95,1325,0.211761,P
2080,109,31.75,1320,0.21366,P
2081,109,104.55,1325,0.213817,C
2082,109,0.025,2050,0.21499400000000002,C
2083,109,108.4,1320,0.215959,C
2084,109,27.3,1300,0.220984,P
2085,109,124.1,1300,0.22414299999999998,C
2086,109,23.65,1280,0.229156,P
2087,109,22.75,1275,0.23089,P
2088,109,140.35,1280,0.23220900000000003,C
2089,109,144.5,1275,0.234254,C
2090,109,20.45,1260,0.237096,P
2091,109,157.1,1260,0.240267,C
2092,109,18.9,1250,0.240473,P
2093,109,165.65,1250,0.244339,C
2094,109,17.7,1240,0.24510700000000002,P
2095,109,174.55,1240,0.24971300000000002,C
2096,109,15.8,1225,0.250635,P
2097,109,15.25,1220,0.252697,P
2098,109,187.7,1225,0.255936,C
2099,109,191.9,1220,0.25673,C
2100,109,13.2,1200,0.260706,P
2101,109,0.025,2250,0.262038,C
2102,109,210.05,1200,0.266522,C
2103,109,11.4,1180,0.26853499999999997,P
2104,109,11.0,1175,0.27057,P
2105,109,228.05,1180,0.273726,C
2106,109,232.65,1175,0.27593,C
2107,109,9.1,1150,0.279914,P
2108,109,256.05,1150,0.288637,C
2109,109,7.6,1125,0.290046,P
2110,109,6.3,1100,0.299711,P
2111,109,279.55,1125,0.300223,C
2112,109,303.25,1100,0.311645,C
2113,109,5.4,1075,0.311743,P
2114,109,3.95,1050,0.313583,P
2115,109,0.025,2500,0.314272,C
2116,109,3.225,1025,0.322883,P
2117,109,327.2,1075,0.323817,C
2118,109,351.05,1050,0.332804,C
2119,109,2.8,1000,0.335969,P
2120,109,2.25,975,0.344627,P
2121,109,375.3,1025,0.345152,C
2122,109,1.775,950,0.352541,P
2123,109,399.65,1000,0.357581,C
2124,109,1.35,925,0.35887800000000003,P
2125,109,1.075,900,0.368005,P
2126,109,424.1,975,0.370397,C
2127,109,0.875,875,0.378515,P
2128,109,448.65,950,0.38401199999999996,C
2129,109,0.7,850,0.388446,P
2130,109,473.25,925,0.39769499999999997,C
2131,109,0.025,3000,0.402593,C
2132,109,0.65,825,0.405911,P
2133,109,497.9,900,0.41163900000000003,C
2134,109,0.35,775,0.419096,P
2135,109,0.6,800,0.423425,P
2136,109,522.6,875,0.42610299999999995,C
2137,109,0.275,750,0.429596,P
2138,109,547.35,850,0.44143599999999994,C
2139,109,0.225,725,0.44228900000000004,P
2140,109,572.15,825,0.458075,C
2141,109,0.25,700,0.46932399999999996,P
2142,109,596.95,800,0.47423999999999994,C
2143,109,0.175,675,0.475576,P
2144,109,621.8,775,0.49236499999999994,C
2145,109,0.175,650,0.49880399999999997,P
2146,109,0.125,625,0.506996,P
2147,109,646.6,750,0.5073810000000001,C
2148,109,0.05,575,0.515726,P
2149,109,0.1,600,0.521065,P
2150,109,671.5,725,0.527908,C
2151,109,0.025,525,0.537702,P
2152,109,0.05,550,0.5404720000000001,P
2153,109,696.4,700,0.548655,C
2154,109,0.025,500,0.5635819999999999,P
2155,109,721.3,675,0.5696,C
2156,109,0.025,475,0.590801,P
2157,109,746.25,650,0.594925,C
2158,109,771.15,625,0.616638,C
2159,109,0.025,450,0.6195109999999999,P
2160,109,796.05,600,0.6385,C
2161,109,0.025,425,0.649889,P
2162,109,821.05,575,0.671281,C
2163,109,0.025,400,0.682143,P
2164,109,845.95,550,0.694529,C
2165,109,870.9,525,0.724255,C
2166,109,0.025,350,0.7533380000000001,P
2167,109,895.85,500,0.755253,C
2168,109,920.8,475,0.787693,C
2169,109,945.75,450,0.8217059999999999,C
2170,109,0.025,300,0.835841,P
2171,109,970.75,425,0.865484,C
2172,109,995.65,400,0.895315,C
2173,109,0.025,250,0.9339430000000001,P
2174,109,1045.6,350,0.988151,C
2175,109,0.025,225,0.99093,P
2176,109,0.025,200,1.054916,P
2177,109,1095.55,300,1.096091,C
2178,109,1145.45,250,1.212552,C
2179,109,0.025,150,1.212577,P
2180,109,1170.45,225,1.293611,C
2181,109,1195.35,200,1.355707,C
2182,109,0.025,100,1.43856,P
2183,109,1245.3,150,1.5610760000000001,C
2184,109,1295.25,100,1.8587099999999999,C
2185,108,205.2,1600,0.100026,P
2186,108,180.75,1575,0.110346,P
2187,108,166.55,1560,0.117612,P
2188,108,157.5,1550,0.123951,P
2189,108,148.45,1540,0.127219,P
2190,108,1.55,1575,0.127224,C
2191,108,2.3,1560,0.128777,C
2192,108,0.95,1600,0.129198,C
2193,108,0.525,1625,0.129398,C
2194,108,2.925,1550,0.12957,C
2195,108,135.05,1525,0.130077,P
2196,108,4.0,1540,0.133022,C
2197,108,131.0,1520,0.133073,P
2198,108,122.7,1510,0.136104,P
2199,108,5.8,1525,0.136231,C
2200,108,0.425,1650,0.136443,C
2201,108,118.5,1505,0.136728,P
2202,108,6.5,1520,0.137207,C
2203,108,8.1,1510,0.139255,C
2204,108,114.75,1500,0.13936800000000002,P
2205,108,110.7,1495,0.140024,P
2206,108,9.1,1505,0.140822,C
2207,108,10.15,1500,0.142244,C
2208,108,0.2,1700,0.143671,C
2209,108,11.3,1495,0.143771,C
2210,108,0.375,1675,0.144561,C
2211,108,99.75,1480,0.14543299999999998,P
2212,108,96.5,1475,0.148144,P
2213,108,15.25,1480,0.148372,C
2214,108,16.9,1475,0.150582,C
2215,108,86.45,1460,0.15273,P
2216,108,0.125,1750,0.154298,C
2217,108,0.075,1775,0.155103,C
2218,108,22.0,1460,0.155599,C
2219,108,80.4,1450,0.15656,P
2220,108,25.95,1450,0.159343,C
2221,108,74.85,1440,0.160868,P
2222,108,0.35,1725,0.16306500000000002,C
2223,108,30.25,1440,0.16306700000000002,C
2224,108,0.075,1800,0.163154,C
2225,108,66.8,1425,0.165976,P
2226,108,37.1,1425,0.16781600000000002,C
2227,108,64.5,1420,0.168408,P
2228,108,39.8,1420,0.17025099999999999,C
2229,108,0.05,1850,0.17260999999999999,C
2230,108,55.6,1400,0.176419,P
2231,108,50.4,1400,0.17664100000000002,C
2232,108,0.025,1900,0.177203,C
2233,108,53.5,1395,0.178203,P
2234,108,53.7,1395,0.179779,C
2235,108,51.55,1390,0.18024600000000002,P
2236,108,56.7,1390,0.181675,C
2237,108,49.55,1385,0.181886,P
2238,108,59.9,1385,0.18400999999999998,C
2239,108,47.85,1380,0.184306,P
2240,108,62.85,1380,0.185276,C
2241,108,45.95,1375,0.185827,P
2242,108,66.0,1375,0.18699000000000002,C
2243,108,44.2,1370,0.187636,P
2244,108,69.3,1370,0.188997,C
2245,108,41.1,1360,0.191998,P
2246,108,76.0,1360,0.192722,C
2247,108,37.85,1350,0.195016,P
2248,108,82.95,1350,0.19650499999999999,C
2249,108,35.1,1340,0.199023,P
2250,108,90.45,1340,0.2015,C
2251,108,0.025,2000,0.203837,C
2252,108,31.25,1325,0.204657,P
2253,108,101.45,1325,0.20673200000000003,C
2254,108,30.35,1320,0.207656,P
2255,108,105.05,1320,0.20784499999999997,C
2256,108,25.95,1300,0.21494000000000002,P
2257,108,120.85,1300,0.216061,C
2258,108,0.025,2050,0.21653699999999998,C
2259,108,22.25,1280,0.222568,P
2260,108,137.15,1280,0.223873,C
2261,108,21.45,1275,0.224658,P
2262,108,141.25,1275,0.225554,C
2263,108,19.1,1260,0.23031300000000002,P
2264,108,153.7,1260,0.23036399999999999,C
2265,108,17.55,1250,0.23342800000000002,P
2266,108,162.45,1250,0.235079,C
2267,108,16.25,1240,0.237262,P
2268,108,171.1,1240,0.238779,C
2269,108,14.5,1225,0.243142,P
2270,108,13.9,1220,0.24474400000000002,P
2271,108,184.35,1225,0.244863,C
2272,108,188.75,1220,0.24654099999999998,C
2273,108,11.95,1200,0.252653,P
2274,108,206.7,1200,0.25412199999999996,C
2275,108,10.3,1180,0.260753,P
2276,108,224.95,1180,0.261803,C
2277,108,9.8,1175,0.26183,P
2278,108,229.55,1175,0.263709,C
2279,108,0.025,2250,0.263795,C
2280,108,8.1,1150,0.27164699999999997,P
2281,108,252.75,1150,0.273163,C
2282,108,6.75,1125,0.282063,P
2283,108,276.35,1125,0.283565,C
2284,108,5.6,1100,0.29220100000000004,P
2285,108,300.15,1100,0.293658,C
2286,108,4.6,1075,0.30177,P
2287,108,324.15,1075,0.30382,C
2288,108,3.85,1050,0.31261,P
2289,108,348.3,1050,0.31382,C
2290,108,0.025,2500,0.316268,C
2291,108,2.925,1025,0.317832,P
2292,108,372.6,1025,0.32406799999999997,C
2293,108,2.4,1000,0.327847,P
2294,108,397.0,1000,0.33410300000000004,C
2295,108,1.875,975,0.335372,P
2296,108,421.55,975,0.345548,C
2297,108,445.85,950,0.347137,C
2298,108,1.075,925,0.34836999999999996,P
2299,108,1.75,950,0.352667,P
2300,108,470.5,925,0.35605,C
2301,108,0.875,900,0.35892199999999996,P
2302,108,0.7,875,0.36888699999999996,P
2303,108,519.95,875,0.372498,C
2304,108,495.45,900,0.376042,C
2305,108,569.5,825,0.379875,C
2306,108,0.6,850,0.382287,P
2307,108,545.0,850,0.398208,C
2308,108,0.025,3000,0.404997,C
2309,108,0.65,825,0.407161,P
2310,108,594.6,800,0.414096,C
2311,108,619.45,775,0.421567,C
2312,108,0.575,800,0.42261800000000005,P
2313,108,0.375,775,0.423621,P
2314,108,644.35,750,0.432517,C
2315,108,0.325,750,0.43863599999999997,P
2316,108,0.275,725,0.45289700000000005,P
2317,108,0.25,700,0.470938,P
2318,108,0.2,675,0.48339899999999997,P
2319,108,0.175,650,0.500577,P
2320,108,0.15,625,0.517332,P
2321,108,0.025,525,0.539736,P
2322,108,0.175,600,0.550042,P
2323,108,0.125,575,0.5589029999999999,P
2324,108,0.075,550,0.560515,P
2325,108,0.025,500,0.565738,P
2326,108,0.025,475,0.5930880000000001,P
2327,108,0.025,450,0.621934,P
2328,108,0.025,425,0.652456,P
2329,108,0.025,400,0.684864,P
2330,108,0.025,350,0.756397,P
2331,108,0.025,300,0.839291,P
2332,108,0.025,250,0.937859,P
2333,108,0.025,225,0.995116,P
2334,108,0.025,200,1.059405,P
2335,108,0.025,150,1.2178120000000001,P
2336,108,0.025,100,1.444863,P
2337,74,0.975,1550,0.12368299999999999,C
2338,74,0.275,1600,0.128945,C
2339,74,1.95,1535,0.130249,C
2340,74,1.725,1540,0.130503,C
2341,74,176.55,1575,0.130576,P
2342,74,1.525,1545,0.130775,C
2343,74,2.275,1530,0.130931,C
2344,74,3.475,1515,0.132536,C
2345,74,138.05,1535,0.132597,P
2346,74,133.35,1530,0.132718,P
2347,74,142.8,1540,0.132737,P
2348,74,3.1,1520,0.13275,C
2349,74,147.6,1545,0.13325499999999998,P
2350,74,2.8,1525,0.133395,C
2351,74,152.4,1550,0.133435,P
2352,74,5.05,1500,0.133446,C
2353,74,128.75,1525,0.13356600000000002,P
2354,74,4.05,1510,0.133757,C
2355,74,1.15,1560,0.13378099999999998,C
2356,74,115.0,1510,0.133803,P
2357,74,124.2,1520,0.134418,P
2358,74,162.1,1560,0.134576,P
2359,74,119.65,1515,0.134767,P
2360,74,0.925,1570,0.135051,C
2361,74,4.75,1505,0.135443,C
2362,74,171.85,1570,0.135554,P
2363,74,106.35,1500,0.136123,P
2364,74,110.85,1505,0.13667,P
2365,74,0.875,1575,0.136864,C
2366,74,7.05,1490,0.138494,C
2367,74,0.825,1580,0.138572,C
2368,74,181.75,1580,0.139307,P
2369,74,98.25,1490,0.14008299999999999,P
2370,74,90.15,1480,0.141747,P
2371,74,9.2,1480,0.141836,C
2372,74,10.35,1475,0.14310799999999999,C
2373,74,86.55,1475,0.14439100000000002,P
2374,74,82.7,1470,0.14509,P
2375,74,11.8,1470,0.14547100000000002,C
2376,74,201.55,1600,0.145562,P
2377,74,14.95,1460,0.14973399999999998,C
2378,74,76.0,1460,0.150079,P
2379,74,17.85,1450,0.150818,C
2380,74,251.1,1650,0.152498,P
2381,74,69.45,1450,0.153622,P
2382,74,226.4,1625,0.154604,P
2383,74,20.25,1445,0.154968,C
2384,74,66.25,1445,0.15501700000000002,P
2385,74,0.6,1625,0.157198,C
2386,74,22.4,1440,0.157452,C
2387,74,63.45,1440,0.157702,P
2388,74,60.45,1435,0.15905,P
2389,74,24.7,1435,0.16009500000000002,C
2390,74,57.9,1430,0.161857,P
2391,74,26.95,1430,0.162063,C
2392,74,55.15,1425,0.163383,P
2393,74,29.4,1425,0.164428,C
2394,74,52.65,1420,0.165522,P
2395,74,0.5,1650,0.16646,C
2396,74,31.9,1420,0.16657,C
2397,74,50.3,1415,0.16785799999999998,P
2398,74,34.45,1415,0.168506,C
2399,74,37.1,1410,0.170452,C
2400,74,48.15,1410,0.170602,P
2401,74,45.85,1405,0.172351,P
2402,74,40.15,1405,0.173627,C
2403,74,43.75,1400,0.174531,P
2404,74,276.25,1675,0.17516600000000002,P
2405,74,43.05,1400,0.175822,C
2406,74,0.5,1675,0.179344,C
2407,74,39.95,1390,0.179429,P
2408,74,49.05,1390,0.179944,C
2409,74,33.95,1375,0.182955,P
2410,74,36.25,1380,0.183364,P
2411,74,55.55,1380,0.18473900000000001,C
2412,74,301.2,1700,0.185585,P
2413,74,58.9,1375,0.187066,C
2414,74,32.95,1370,0.187649,P
2415,74,62.35,1370,0.189502,C
2416,74,0.5,1700,0.191908,C
2417,74,30.15,1360,0.192838,P
2418,74,69.35,1360,0.193906,C
2419,74,27.55,1350,0.19778099999999998,P
2420,74,76.7,1350,0.19869,C
2421,74,25.1,1340,0.202327,P
2422,74,84.4,1340,0.203994,C
2423,74,22.75,1330,0.206289,P
2424,74,92.05,1330,0.20805900000000002,C
2425,74,351.15,1750,0.20816300000000001,P
2426,74,21.85,1325,0.209229,P
2427,74,20.7,1320,0.210695,P
2428,74,96.15,1325,0.211052,C
2429,74,100.05,1320,0.21283000000000002,C
2430,74,19.0,1310,0.215966,P
2431,74,0.5,1750,0.21616100000000002,C
2432,74,108.2,1310,0.21744699999999997,C
2433,74,17.2,1300,0.219827,P
2434,74,116.55,1300,0.22225300000000003,C
2435,74,15.75,1290,0.22477399999999997,P
2436,74,125.0,1290,0.226784,C
2437,74,14.3,1280,0.228913,P
2438,74,401.1,1800,0.229512,P
2439,74,133.65,1280,0.231694,C
2440,74,13.8,1275,0.232093,P
2441,74,13.15,1270,0.23414899999999997,P
2442,74,138.05,1275,0.234335,C
2443,74,142.65,1270,0.238096,C
2444,74,12.05,1260,0.239027,P
2445,74,0.5,1800,0.239362,C
2446,74,151.3,1260,0.24153899999999998,C
2447,74,11.0,1250,0.243556,P
2448,74,451.0,1850,0.245299,P
2449,74,160.3,1250,0.24663400000000002,C
2450,74,9.95,1240,0.24734899999999999,P
2451,74,9.0,1230,0.251168,P
2452,74,169.55,1240,0.25298899999999996,C
2453,74,8.65,1225,0.25387,P
2454,74,8.4,1220,0.257326,P
2455,74,178.7,1230,0.25805300000000003,C
2456,74,183.3,1225,0.260567,C
2457,74,7.65,1210,0.26161599999999996,P
2458,74,0.5,1850,0.26161999999999996,C
2459,74,187.9,1220,0.262935,C
2460,74,6.9,1200,0.26522399999999996,P
2461,74,196.95,1210,0.26582,C
2462,74,501.0,1900,0.268944,P
2463,74,6.35,1190,0.270251,P
2464,74,206.3,1200,0.270791,C
2465,74,5.8,1180,0.274739,P
2466,74,215.75,1190,0.27624699999999996,C
2467,74,5.55,1175,0.277063,P
2468,74,225.15,1180,0.280665,C
2469,74,0.5,1900,0.283025,C
2470,74,4.8,1160,0.28317800000000004,P
2471,74,229.9,1175,0.283227,C
2472,74,4.3,1150,0.28644000000000003,P
2473,74,244.2,1160,0.2908,C
2474,74,4.15,1140,0.29439299999999996,P
2475,74,253.8,1150,0.296131,C
2476,74,3.725,1130,0.29775999999999997,P
2477,74,3.6,1125,0.300681,P
2478,74,263.45,1140,0.301746,C
2479,74,3.475,1120,0.303521,P
2480,74,273.1,1130,0.306973,C
2481,74,3.175,1110,0.307996,P
2482,74,277.95,1125,0.309824,C
2483,74,2.9,1100,0.31246199999999996,P
2484,74,283.0,1120,0.31581,C
2485,74,292.5,1110,0.317837,C
2486,74,2.8,1090,0.320221,P
2487,74,302.25,1100,0.32360500000000003,C
2488,74,2.575,1080,0.32506199999999996,P
2489,74,1.6,1050,0.327331,P
2490,74,2.475,1075,0.32761799999999996,P
2491,74,312.0,1090,0.329045,C
2492,74,2.375,1070,0.330079,P
2493,74,2.15,1060,0.334022,P
2494,74,321.8,1080,0.33516799999999997,C
2495,74,326.65,1075,0.33705,C
2496,74,1.25,1025,0.337914,P
2497,74,331.55,1070,0.339908,C
2498,74,1.2,1020,0.34048,P
2499,74,1.925,1045,0.342188,P
2500,74,1.15,1015,0.342961,P
2501,74,1.05,1010,0.343043,P
2502,74,1.825,1040,0.343978,P
2503,74,1.0,1005,0.34523400000000004,P
2504,74,1.775,1035,0.347215,P
2505,74,1.675,1030,0.34875700000000004,P
2506,74,0.9,995,0.349261,P
2507,74,351.15,1050,0.350536,C
2508,74,0.85,990,0.351073,P
2509,74,341.6,1060,0.351202,C
2510,74,0.8,985,0.352733,P
2511,74,356.1,1045,0.354281,C
2512,74,361.0,1040,0.356658,C
2513,74,1.175,1000,0.358027,P
2514,74,0.825,980,0.358766,P
2515,74,365.9,1035,0.358928,C
2516,74,0.775,975,0.360325,P
2517,74,0.725,970,0.36170399999999997,P
2518,74,370.9,1030,0.36396300000000004,C
2519,74,375.8,1025,0.36611,C
2520,74,380.75,1020,0.369657,C
2521,74,390.6,1010,0.375055,C
2522,74,395.55,1005,0.378463,C
2523,74,385.9,1015,0.379187,C
2524,74,400.45,1000,0.380119,C
2525,74,0.75,950,0.38174600000000003,P
2526,74,405.45,995,0.385166,C
2527,74,410.35,990,0.38664499999999996,C
2528,74,415.3,985,0.38984,C
2529,74,1.075,960,0.391178,P
2530,74,420.3,980,0.394906,C
2531,74,0.625,925,0.395954,P
2532,74,425.2,975,0.39608699999999997,C
2533,74,430.2,970,0.401165,C
2534,74,0.95,940,0.403595,P
2535,74,440.1,960,0.407209,C
2536,74,0.5,900,0.40832399999999996,P
2537,74,450.0,950,0.413012,C
2538,74,0.8,920,0.41347399999999995,P
2539,74,0.4,875,0.420933,P
2540,74,459.95,940,0.420947,C
2541,74,474.8,925,0.42890900000000004,C
2542,74,0.175,825,0.430105,P
2543,74,0.3,850,0.430787,P
2544,74,479.8,920,0.434087,C
2545,74,0.7,880,0.44509399999999993,P
2546,74,499.65,900,0.446479,C
2547,74,0.2,800,0.459358,P
2548,74,519.55,880,0.461267,C
2549,74,0.125,775,0.46234899999999995,P
2550,74,0.675,860,0.462933,P
2551,74,524.5,875,0.463197,C
2552,74,539.45,860,0.475684,C
2553,74,0.1,750,0.476649,P
2554,74,549.4,850,0.48272,C
2555,74,0.1,725,0.500992,P
2556,74,574.35,825,0.506155,C
2557,74,0.075,700,0.51326,P
2558,74,599.25,800,0.5253939999999999,C
2559,74,0.075,675,0.538742,P
2560,74,624.15,775,0.544049,C
2561,74,0.075,650,0.565168,P
2562,74,649.1,750,0.567937,C
2563,74,0.025,600,0.570398,P
2564,74,674.05,725,0.5922270000000001,C
2565,74,699.0,700,0.616922,C
2566,74,723.95,675,0.64203,C
2567,74,748.9,650,0.66755,C
2568,74,773.9,625,0.702433,C
2569,74,0.5,625,0.711278,P
2570,74,0.05,500,0.724821,P
2571,74,798.85,600,0.729692,C
2572,74,823.8,575,0.757491,C
2573,74,0.5,575,0.780161,P
2574,74,848.8,550,0.796905,C
2575,74,0.5,550,0.816891,P
2576,74,873.8,525,0.838197,C
2577,74,0.525,525,0.859943,P
2578,74,898.75,500,0.870182,C
2579,74,0.05,400,0.876607,P
2580,74,0.025,300,1.020102,P
2581,74,998.6,400,1.025012,C
2582,74,1098.5,300,1.240281,C
2583,74,0.025,200,1.287143,P
2584,74,1198.4,200,1.5460049999999999,C
2585,74,0.025,100,1.754792,P
2586,74,1298.3,100,2.084466,C
2587,73,152.6,1550,0.104029,P
2588,73,172.45,1570,0.10603800000000001,P
2589,73,162.6,1560,0.109912,P
2590,73,138.15,1535,0.11244000000000001,P
2591,73,148.0,1545,0.115147,P
2592,73,0.575,1550,0.11524300000000001,C
2593,73,133.45,1530,0.11534900000000001,P
2594,73,143.2,1540,0.11688,P
2595,73,0.8,1545,0.11831300000000002,C
2596,73,124.15,1520,0.11947200000000001,P
2597,73,128.95,1525,0.120235,P
2598,73,1.1,1540,0.12168399999999999,C
2599,73,1.3,1535,0.12208,C
2600,73,1.6,1530,0.12356900000000001,C
2601,73,119.8,1515,0.123905,P
2602,73,1.95,1525,0.125047,C
2603,73,2.25,1520,0.12523,C
2604,73,115.3,1510,0.125434,P
2605,73,106.3,1500,0.12661,P
2606,73,110.85,1505,0.12676800000000002,P
2607,73,0.775,1560,0.12701300000000001,C
2608,73,3.125,1510,0.127194,C
2609,73,2.75,1515,0.12721500000000002,C
2610,73,0.225,1600,0.12751099999999999,C
2611,73,0.625,1570,0.12873199999999999,C
2612,73,3.75,1505,0.12908499999999998,C
2613,73,0.55,1575,0.12919,C
2614,73,4.25,1500,0.129222,C
2615,73,0.5,1580,0.13026400000000002,C
2616,73,98.1,1490,0.131856,P
2617,73,6.1,1490,0.134427,C
2618,73,90.0,1480,0.134877,P
2619,73,86.2,1475,0.137016,P
2620,73,8.0,1480,0.137165,C
2621,73,82.25,1470,0.137686,P
2622,73,9.15,1475,0.13889300000000002,C
2623,73,10.4,1470,0.140601,C
2624,73,75.15,1460,0.141747,P
2625,73,13.2,1460,0.143925,C
2626,73,68.55,1450,0.14598699999999998,P
2627,73,0.325,1625,0.146625,C
2628,73,16.6,1450,0.148038,C
2629,73,65.45,1445,0.14821800000000002,P
2630,73,18.4,1445,0.149767,C
2631,73,62.6,1440,0.151036,P
2632,73,20.35,1440,0.151672,C
2633,73,59.75,1435,0.153324,P
2634,73,22.55,1435,0.154177,C
2635,73,0.25,1650,0.154379,C
2636,73,56.95,1430,0.155337,P
2637,73,24.75,1430,0.15618900000000002,C
2638,73,54.2,1425,0.15709800000000002,P
2639,73,0.15,1675,0.15726300000000001,C
2640,73,27.0,1425,0.157951,C
2641,73,51.8,1420,0.159866,P
2642,73,29.45,1420,0.160102,C
2643,73,49.4,1415,0.162185,P
2644,73,32.25,1415,0.163254,C
2645,73,46.95,1410,0.163874,P
2646,73,34.7,1410,0.164542,C
2647,73,0.125,1700,0.165411,C
2648,73,44.65,1405,0.165766,P
2649,73,37.6,1405,0.16726,C
2650,73,42.6,1400,0.168276,P
2651,73,40.45,1400,0.169377,C
2652,73,38.7,1390,0.172965,P
2653,73,46.5,1390,0.173895,C
2654,73,52.75,1380,0.177785,C
2655,73,0.075,1750,0.177993,C
2656,73,35.25,1380,0.178059,P
2657,73,33.45,1375,0.17978,P
2658,73,56.2,1375,0.180565,C
2659,73,31.75,1370,0.181581,P
2660,73,59.45,1370,0.182178,C
2661,73,28.75,1360,0.185921,P
2662,73,66.4,1360,0.186345,C
2663,73,73.65,1350,0.1906,C
2664,73,26.15,1350,0.190807,P
2665,73,0.05,1800,0.190905,C
2666,73,81.2,1340,0.19505999999999998,C
2667,73,23.7,1340,0.195244,P
2668,73,0.025,1850,0.19806600000000002,C
2669,73,21.5,1330,0.199774,P
2670,73,89.15,1330,0.200348,C
2671,73,92.9,1325,0.201496,C
2672,73,20.4,1325,0.20164200000000002,P
2673,73,19.45,1320,0.204005,P
2674,73,97.1,1320,0.20464200000000002,C
2675,73,105.25,1310,0.208972,C
2676,73,17.75,1310,0.20907399999999998,P
2677,73,15.95,1300,0.21266100000000002,P
2678,73,113.55,1300,0.21316,C
2679,73,0.025,1900,0.215175,C
2680,73,14.4,1290,0.216712,P
2681,73,122.0,1290,0.217281,C
2682,73,130.45,1280,0.22045700000000001,C
2683,73,12.45,1275,0.223448,P
2684,73,13.45,1280,0.223633,P
2685,73,135.05,1275,0.224135,C
2686,73,139.25,1270,0.22498400000000002,C
2687,73,11.85,1270,0.22560999999999998,P
2688,73,148.05,1260,0.228686,C
2689,73,10.75,1260,0.23003,P
2690,73,157.05,1250,0.233033,C
2691,73,10.15,1250,0.23747800000000002,P
2692,73,8.85,1240,0.23884299999999997,P
2693,73,166.35,1240,0.239075,C
2694,73,8.05,1230,0.243404,P
2695,73,175.55,1230,0.243711,C
2696,73,180.15,1225,0.245773,C
2697,73,7.7,1225,0.24588000000000002,P
2698,73,184.75,1220,0.247652,C
2699,73,7.3,1220,0.247731,P
2700,73,194.05,1210,0.251832,C
2701,73,6.65,1210,0.25235599999999997,P
2702,73,203.45,1200,0.256384,C
2703,73,6.05,1200,0.256873,P
2704,73,5.45,1190,0.26074200000000003,P
2705,73,212.9,1190,0.260881,C
2706,73,222.4,1180,0.265376,C
2707,73,5.0,1180,0.26577199999999995,P
2708,73,227.15,1175,0.267397,C
2709,73,5.15,1175,0.27289,P
2710,73,241.5,1160,0.273904,C
2711,73,4.15,1160,0.274899,P
2712,73,251.1,1150,0.277993,C
2713,73,3.8,1150,0.27975,P
2714,73,270.2,1130,0.282197,C
2715,73,260.75,1140,0.282302,C
2716,73,3.425,1140,0.28366199999999997,P
2717,73,275.05,1125,0.28412800000000005,C
2718,73,279.9,1120,0.285901,C
2719,73,3.15,1130,0.28875100000000004,P
2720,73,3.025,1125,0.29136599999999996,P
2721,73,2.9,1120,0.29388000000000003,P
2722,73,289.9,1110,0.295694,C
2723,73,2.65,1110,0.298575,P
2724,73,299.65,1100,0.299804,C
2725,73,319.0,1080,0.301713,C
2726,73,472.3,925,0.301845,C
2727,73,2.4,1100,0.302775,P
2728,73,323.9,1075,0.303348,C
2729,73,309.45,1090,0.304609,C
2730,73,328.8,1070,0.304804,C
2731,73,477.3,920,0.30757199999999996,C
2732,73,2.2,1090,0.307647,P
2733,73,338.7,1060,0.31077,C
2734,73,2.0,1080,0.31206999999999996,P
2735,73,1.9,1075,0.314093,P
2736,73,1.225,1050,0.315288,P
2737,73,363.25,1035,0.31543499999999997,C
2738,73,358.35,1040,0.31548000000000004,C
2739,73,1.85,1070,0.31742600000000004,P
2740,73,1.55,1060,0.317643,P
2741,73,373.15,1025,0.319585,C
2742,73,378.1,1020,0.321463,C
2743,73,348.75,1050,0.322042,C
2744,73,457.4,940,0.322897,C
2745,73,353.65,1045,0.32313000000000003,C
2746,73,447.45,950,0.32405500000000004,C
2747,73,388.0,1010,0.324764,C
2748,73,0.925,1025,0.324836,P
2749,73,392.95,1005,0.326148,C
2750,73,1.2,1035,0.32806199999999996,P
2751,73,402.85,995,0.32826500000000003,C
2752,73,1.45,1045,0.32826900000000003,P
2753,73,0.55,995,0.328779,P
2754,73,422.65,975,0.3288,C
2755,73,368.45,1030,0.329283,C
2756,73,412.75,985,0.329289,C
2757,73,0.925,1020,0.329349,P
2758,73,1.15,1030,0.330584,P
2759,73,437.55,960,0.330665,C
2760,73,1.4,1040,0.33114899999999997,P
2761,73,0.525,990,0.331212,P
2762,73,0.875,1015,0.33129899999999995,P
2763,73,0.825,1010,0.333109,P
2764,73,0.775,1005,0.33476300000000003,P
2765,73,0.525,985,0.33557600000000004,P
2766,73,383.3,1015,0.336598,C
2767,73,0.525,980,0.339957,P
2768,73,398.1,1000,0.340123,C
2769,73,0.525,975,0.344358,P
2770,73,0.475,970,0.344531,P
2771,73,408.05,990,0.346565,C
2772,73,537.25,860,0.34689699999999996,C
2773,73,417.95,980,0.349494,C
2774,73,0.975,1000,0.350148,P
2775,73,427.85,970,0.351588,C
2776,73,497.4,900,0.362041,C
2777,73,0.625,960,0.365552,P
2778,73,517.35,880,0.36957399999999996,C
2779,73,522.35,875,0.37477,C
2780,73,0.575,940,0.37993499999999997,P
2781,73,0.725,950,0.381892,P
2782,73,0.525,920,0.394074,P
2783,73,0.6,925,0.395889,P
2784,73,0.525,900,0.41279499999999997,P
2785,73,0.125,825,0.418696,P
2786,73,0.375,875,0.420029,P
2787,73,0.225,850,0.420149,P
2788,73,0.425,880,0.421318,P
2789,73,0.35,860,0.43088000000000004,P
2790,73,0.1,775,0.45557,P
2791,73,0.175,800,0.455817,P
2792,73,0.1,750,0.479312,P
2793,73,0.075,725,0.491413,P
2794,73,0.05,700,0.499242,P
2795,73,0.05,675,0.5241359999999999,P
2796,73,0.05,650,0.549953,P
2797,73,0.025,600,0.5737899999999999,P
2798,73,0.275,625,0.671611,P
2799,73,0.125,550,0.716871,P
2800,73,0.05,500,0.729279,P
2801,73,0.275,575,0.73712,P
2802,73,0.275,525,0.808612,P
2803,73,0.05,400,0.8821389999999999,P
2804,73,0.025,300,1.026672,P
2805,73,0.025,200,1.2955969999999999,P
2806,73,0.025,100,1.7665389999999999,P
2807,46,0.75,1510,0.116665,C
2808,46,138.9,1540,0.11816600000000001,P
2809,46,119.25,1520,0.11919,P
2810,46,109.55,1510,0.11949100000000001,P
2811,46,124.15,1525,0.119548,P
2812,46,114.4,1515,0.11973900000000001,P
2813,46,178.7,1580,0.119953,P
2814,46,153.8,1555,0.120225,P
2815,46,134.0,1535,0.120479,P
2816,46,163.75,1565,0.12055199999999999,P
2817,46,223.65,1625,0.121076,P
2818,46,129.1,1530,0.12141600000000001,P
2819,46,148.85,1550,0.121528,P
2820,46,143.9,1545,0.121807,P
2821,46,104.85,1505,0.121853,P
2822,46,90.7,1490,0.121869,P
2823,46,100.1,1500,0.122045,P
2824,46,0.375,1535,0.12333800000000002,C
2825,46,0.575,1525,0.12363800000000001,C
2826,46,158.8,1560,0.1237,P
2827,46,95.5,1495,0.12389800000000001,P
2828,46,168.75,1570,0.12395899999999999,P
2829,46,0.925,1515,0.125462,C
2830,46,1.35,1505,0.125692,C
2831,46,1.65,1500,0.12630999999999998,C
2832,46,86.45,1485,0.126432,P
2833,46,0.8,1520,0.126452,C
2834,46,1.975,1495,0.12651500000000002,C
2835,46,173.75,1575,0.127354,P
2836,46,82.1,1480,0.128251,P
2837,46,2.475,1490,0.12831900000000002,C
2838,46,2.975,1485,0.129105,C
2839,46,77.85,1475,0.13003,P
2840,46,3.6,1480,0.130396,C
2841,46,4.3,1475,0.131512,C
2842,46,73.75,1470,0.132151,P
2843,46,0.35,1550,0.13314700000000002,C
2844,46,69.65,1465,0.133275,P
2845,46,5.2,1470,0.133512,C
2846,46,65.6,1460,0.133945,P
2847,46,0.8,1530,0.13475399999999998,C
2848,46,6.25,1465,0.135733,C
2849,46,0.15,1575,0.135827,C
2850,46,61.9,1455,0.136293,P
2851,46,7.3,1460,0.136989,C
2852,46,8.6,1455,0.139146,C
2853,46,0.7,1540,0.139792,C
2854,46,58.55,1450,0.139975,P
2855,46,9.85,1450,0.140076,C
2856,46,54.95,1445,0.141066,P
2857,46,0.675,1545,0.142921,C
2858,46,11.7,1445,0.143946,C
2859,46,51.9,1440,0.144643,P
2860,46,48.65,1435,0.146147,P
2861,46,13.6,1440,0.14711,C
2862,46,0.5,1560,0.14768900000000001,C
2863,46,0.6,1555,0.14798599999999998,C
2864,46,45.75,1430,0.148822,P
2865,46,15.55,1435,0.149673,C
2866,46,19.2,1425,0.15110099999999999,C
2867,46,0.5,1565,0.151401,C
2868,46,17.65,1430,0.152253,C
2869,46,43.15,1425,0.152308,P
2870,46,40.4,1420,0.154205,P
2871,46,0.5,1570,0.155088,C
2872,46,38.1,1415,0.15773299999999998,P
2873,46,22.35,1420,0.15778,C
2874,46,24.8,1415,0.159971,C
2875,46,35.75,1410,0.160281,P
2876,46,30.85,1400,0.16234,P
2877,46,0.5,1580,0.162388,C
2878,46,33.45,1405,0.162411,P
2879,46,27.5,1410,0.162771,C
2880,46,30.2,1405,0.164903,C
2881,46,32.75,1400,0.16561800000000002,C
2882,46,29.5,1395,0.168094,P
2883,46,27.75,1390,0.171193,P
2884,46,36.55,1395,0.172175,C
2885,46,26.05,1385,0.173984,P
2886,46,39.6,1390,0.174272,C
2887,46,24.3,1380,0.17595,P
2888,46,0.5,1600,0.17671199999999998,C
2889,46,43.05,1385,0.1779,C
2890,46,22.8,1375,0.178716,P
2891,46,46.3,1380,0.17993299999999998,C
2892,46,21.4,1370,0.181519,P
2893,46,49.95,1375,0.183592,C
2894,46,20.3,1365,0.185527,P
2895,46,53.6,1370,0.186776,C
2896,46,18.95,1360,0.18766,P
2897,46,57.1,1365,0.18864,C
2898,46,0.05,1700,0.190081,C
2899,46,17.8,1355,0.19048800000000002,P
2900,46,61.05,1360,0.19259600000000002,C
2901,46,16.7,1350,0.193178,P
2902,46,14.0,1340,0.193954,P
2903,46,0.5,1625,0.194139,C
2904,46,64.7,1355,0.194374,C
2905,46,15.55,1345,0.195114,P
2906,46,68.85,1350,0.198704,C
2907,46,72.6,1345,0.200192,C
2908,46,13.85,1335,0.201586,P
2909,46,12.85,1330,0.203222,P
2910,46,76.85,1340,0.204413,C
2911,46,12.15,1325,0.20655700000000002,P
2912,46,80.95,1335,0.207328,C
2913,46,84.95,1330,0.209182,C
2914,46,11.4,1320,0.20919000000000001,P
2915,46,0.475,1650,0.20963,C
2916,46,10.65,1315,0.211454,P
2917,46,8.1,1300,0.21313200000000002,P
2918,46,89.4,1325,0.213781,C
2919,46,10.0,1310,0.214133,P
2920,46,93.45,1320,0.215221,C
2921,46,9.4,1305,0.216885,P
2922,46,97.95,1315,0.219615,C
2923,46,102.1,1310,0.221046,C
2924,46,8.25,1295,0.221833,P
2925,46,106.55,1305,0.22447899999999998,C
2926,46,7.8,1290,0.22496999999999998,P
2927,46,7.35,1285,0.227836,P
2928,46,6.7,1280,0.228356,P
2929,46,111.15,1300,0.228895,C
2930,46,115.45,1295,0.230512,C
2931,46,6.5,1275,0.233225,P
2932,46,6.1,1270,0.235758,P
2933,46,120.2,1290,0.23579099999999997,C
2934,46,124.5,1285,0.236761,C
2935,46,5.8,1265,0.239159,P
2936,46,5.4,1260,0.24113800000000002,P
2937,46,129.3,1280,0.24215,C
2938,46,5.05,1255,0.243417,P
2939,46,4.7,1250,0.245394,P
2940,46,133.9,1275,0.24544699999999997,C
2941,46,4.45,1245,0.24844899999999998,P
2942,46,138.5,1270,0.248509,C
2943,46,142.95,1265,0.2497,C
2944,46,4.2,1240,0.251287,P
2945,46,147.6,1260,0.252756,C
2946,46,4.0,1235,0.25466,P
2947,46,152.3,1255,0.256168,C
2948,46,3.35,1225,0.25663600000000003,P
2949,46,3.775,1230,0.257457,P
2950,46,157.05,1250,0.25999,C
2951,46,2.575,1210,0.260151,P
2952,46,3.225,1220,0.260588,P
2953,46,2.425,1205,0.262865,P
2954,46,161.75,1245,0.263019,C
2955,46,3.175,1215,0.265805,P
2956,46,166.45,1240,0.265829,C
2957,46,2.4,1200,0.26819699999999996,P
2958,46,171.45,1235,0.272481,C
2959,46,2.425,1195,0.274647,P
2960,46,176.25,1230,0.276385,C
2961,46,2.325,1190,0.278235,P
2962,46,181.0,1225,0.279433,C
2963,46,185.8,1220,0.283032,C
2964,46,190.4,1215,0.283346,C
2965,46,2.325,1185,0.284109,P
2966,46,195.25,1210,0.287335,C
2967,46,2.25,1180,0.288166,P
2968,46,2.1,1175,0.29021399999999997,P
2969,46,200.05,1205,0.29035900000000003,C
2970,46,2.0,1170,0.293362,P
2971,46,204.9,1200,0.294086,C
2972,46,1.525,1155,0.29625,P
2973,46,1.9,1165,0.296362,P
2974,46,209.75,1195,0.297687,C
2975,46,1.8,1160,0.29920399999999997,P
2976,46,214.6,1190,0.301156,C
2977,46,1.525,1150,0.301869,P
2978,46,224.35,1180,0.308692,C
2979,46,219.7,1185,0.309323,C
2980,46,1.625,1145,0.31085300000000005,P
2981,46,229.25,1175,0.312816,C
2982,46,1.575,1140,0.314861,P
2983,46,1.45,1135,0.316127,P
2984,46,234.15,1170,0.316857,C
2985,46,0.85,1110,0.31725,P
2986,46,0.7,1100,0.319064,P
2987,46,1.4,1130,0.31990599999999997,P
2988,46,239.05,1165,0.32081,C
2989,46,0.625,1090,0.32455,P
2990,46,1.375,1125,0.324574,P
2991,46,243.95,1160,0.324673,C
2992,46,1.3,1120,0.327226,P
2993,46,248.85,1155,0.32844,C
2994,46,1.225,1115,0.329704,P
2995,46,0.625,1085,0.329786,P
2996,46,0.6,1080,0.33321300000000004,P
2997,46,253.8,1150,0.333338,C
2998,46,0.45,1065,0.33632,P
2999,46,1.125,1105,0.336398,P
3000,46,258.7,1145,0.336945,C
3001,46,263.6,1140,0.340444,C
3002,46,0.45,1060,0.341463,P
3003,46,0.4,1055,0.34162600000000004,P
3004,46,1.025,1095,0.342658,P
3005,46,268.55,1135,0.345184,C
3006,46,0.7,1075,0.345577,P
3007,46,0.4,1050,0.346744,P
3008,46,0.325,1040,0.348328,P
3009,46,273.45,1130,0.348502,C
3010,46,278.35,1125,0.351693,C
3011,46,0.3,1030,0.355191,P
3012,46,283.3,1120,0.356254,C
3013,46,0.275,1025,0.356719,P
3014,46,288.25,1115,0.360775,C
3015,46,293.2,1110,0.365254,C
3016,46,298.1,1105,0.368068,C
3017,46,308.05,1095,0.378432,C
3018,46,303.3,1100,0.380513,C
3019,46,0.75,1045,0.38153899999999996,P
3020,46,0.275,1000,0.38216300000000003,P
3021,46,313.0,1090,0.382733,C
3022,46,317.95,1085,0.386986,C
3023,46,0.675,1035,0.38706,P
3024,46,322.85,1080,0.38932,C
3025,46,327.85,1075,0.395334,C
3026,46,0.225,975,0.39934400000000003,P
3027,46,0.625,1020,0.399534,P
3028,46,0.625,1015,0.405039,P
3029,46,337.8,1065,0.405461,C
3030,46,0.15,950,0.408087,P
3031,46,342.75,1060,0.409496,C
3032,46,0.625,1010,0.410567,P
3033,46,347.7,1055,0.41347,C
3034,46,0.625,1005,0.416116,P
3035,46,352.7,1050,0.419526,C
3036,46,357.6,1045,0.421221,C
3037,46,0.575,995,0.422757,P
3038,46,362.6,1040,0.427277,C
3039,46,0.575,990,0.428325,P
3040,46,367.6,1035,0.43335500000000005,C
3041,46,0.15,925,0.43381899999999995,P
3042,46,0.575,985,0.43391599999999997,P
3043,46,0.55,980,0.43708800000000003,P
3044,46,372.55,1030,0.437125,C
3045,46,377.5,1025,0.440821,C
3046,46,0.1,900,0.442817,P
3047,46,382.5,1020,0.446924,C
3048,46,0.55,970,0.448338,P
3049,46,387.45,1015,0.450539,C
3050,46,392.45,1010,0.456668,C
3051,46,397.45,1005,0.462822,C
3052,46,402.4,1000,0.46635299999999996,C
3053,46,0.1,875,0.468955,P
3054,46,407.35,995,0.46979,C
3055,46,412.35,990,0.475972,C
3056,46,417.35,985,0.482181,C
3057,46,422.3,980,0.485521,C
3058,46,427.3,975,0.491759,C
3059,46,0.05,825,0.493059,P
3060,46,0.1,850,0.49578999999999995,P
3061,46,432.3,970,0.49802399999999997,C
3062,46,452.2,950,0.5170100000000001,C
3063,46,0.075,800,0.537957,P
3064,46,477.15,925,0.545628,C
3065,46,0.05,775,0.547682,P
3066,46,0.025,725,0.5743,P
3067,46,502.1,900,0.574645,C
3068,46,0.05,750,0.576271,P
3069,46,527.05,875,0.6040909999999999,C
3070,46,552.0,850,0.633993,C
3071,46,577.2,825,0.686092,C
3072,46,601.95,800,0.700281,C
3073,46,626.9,775,0.732123,C
3074,46,651.9,750,0.770151,C
3075,46,0.45,700,0.7822979999999999,P
3076,46,676.85,725,0.80369,C
3077,46,0.475,675,0.825304,P
3078,46,701.85,700,0.8441799999999999,C
3079,46,0.45,650,0.859867,P
3080,46,726.85,675,0.8861540000000001,C
3081,46,0.45,625,0.9008860000000001,P
3082,46,0.05,500,0.928474,P
3083,46,751.85,650,0.929731,C
3084,46,0.45,600,0.9435680000000001,P
3085,46,776.8,625,0.9681850000000001,C
3086,46,0.45,575,0.988066,P
3087,46,801.75,600,1.007766,C
3088,46,0.45,550,1.0345520000000001,P
3089,46,826.75,575,1.056538,C
3090,46,0.025,400,1.066474,P
3091,46,0.45,525,1.083222,P
3092,46,851.75,550,1.107544,C
3093,46,876.75,525,1.161001,C
3094,46,0.45,475,1.188059,P
3095,46,901.75,500,1.217162,C
3096,46,0.45,450,1.244792,P
3097,46,926.7,475,1.2672,C
3098,46,0.025,300,1.306107,P
3099,46,951.65,450,1.319504,C
3100,46,1001.65,400,1.454734,C
3101,46,1101.55,300,1.7619650000000002,C
3102,45,100.4,1500,0.09539299999999999,P
3103,45,105.35,1505,0.096833,P
3104,45,95.9,1495,0.10749,P
3105,45,91.3,1490,0.11150399999999999,P
3106,45,0.55,1510,0.113249,C
3107,45,86.8,1485,0.115147,P
3108,45,82.4,1480,0.118406,P
3109,45,77.85,1475,0.11845499999999999,P
3110,45,0.9,1505,0.11888199999999999,C
3111,45,0.6,1515,0.11902,C
3112,45,0.5,1520,0.11958800000000001,C
3113,45,1.425,1495,0.120526,C
3114,45,73.65,1470,0.12137300000000001,P
3115,45,1.775,1490,0.12144400000000001,C
3116,45,0.5,1525,0.12357,C
3117,45,0.175,1550,0.124117,C
3118,45,2.35,1485,0.124493,C
3119,45,1.4,1500,0.124833,C
3120,45,2.85,1480,0.125298,C
3121,45,0.45,1530,0.12549000000000002,C
3122,45,69.75,1465,0.125694,P
3123,45,65.65,1460,0.126904,P
3124,45,4.35,1470,0.12928199999999998,C
3125,45,0.3,1545,0.129382,C
3126,45,3.8,1475,0.129919,C
3127,45,62.05,1455,0.130955,P
3128,45,5.35,1465,0.131893,C
3129,45,58.2,1450,0.13200599999999998,P
3130,45,0.525,1535,0.132427,C
3131,45,6.25,1460,0.132632,C
3132,45,0.45,1540,0.133206,C
3133,45,7.5,1455,0.135125,C
3134,45,54.8,1445,0.135153,P
3135,45,8.95,1450,0.13797,C
3136,45,51.65,1440,0.138799,P
3137,45,0.35,1555,0.139508,C
3138,45,10.45,1445,0.140132,C
3139,45,0.3,1560,0.140188,C
3140,45,0.175,1575,0.14097300000000001,C
3141,45,48.55,1435,0.141713,P
3142,45,12.05,1440,0.142009,C
3143,45,0.075,1600,0.143538,C
3144,45,45.55,1430,0.144281,P
3145,45,13.95,1435,0.144799,C
3146,45,0.325,1565,0.145287,C
3147,45,0.275,1570,0.145607,C
3148,45,42.7,1425,0.146826,P
3149,45,15.9,1430,0.146991,C
3150,45,18.05,1425,0.149472,C
3151,45,40.05,1420,0.149634,P
3152,45,37.4,1415,0.151649,P
3153,45,0.275,1580,0.152541,C
3154,45,20.5,1420,0.152772,C
3155,45,22.95,1415,0.155281,C
3156,45,35.2,1410,0.15528599999999998,P
3157,45,25.5,1410,0.157579,C
3158,45,0.075,1625,0.15831900000000002,C
3159,45,30.75,1400,0.160129,P
3160,45,33.4,1405,0.160275,P
3161,45,28.35,1405,0.16073800000000002,C
3162,45,28.75,1395,0.16271,P
3163,45,31.25,1400,0.163474,C
3164,45,34.25,1395,0.166078,C
3165,45,0.05,1650,0.166224,C
3166,45,25.15,1385,0.16808199999999998,P
3167,45,37.4,1390,0.16884100000000002,C
3168,45,27.65,1390,0.169398,P
3169,45,23.55,1380,0.170941,P
3170,45,40.65,1385,0.171533,C
3171,45,21.95,1375,0.173231,P
3172,45,43.95,1380,0.17390999999999998,C
3173,45,47.3,1375,0.175988,C
3174,45,20.65,1370,0.17664000000000002,P
3175,45,50.85,1370,0.17862,C
3176,45,19.3,1365,0.17926,P
3177,45,54.5,1365,0.181296,C
3178,45,18.0,1360,0.181658,P
3179,45,0.025,1700,0.182092,C
3180,45,58.2,1360,0.183756,C
3181,45,16.85,1355,0.184453,P
3182,45,15.65,1350,0.186462,P
3183,45,62.2,1355,0.187525,C
3184,45,65.9,1350,0.18901600000000002,C
3185,45,14.65,1345,0.189251,P
3186,45,69.85,1345,0.191576,C
3187,45,13.75,1340,0.19226300000000002,P
3188,45,73.85,1340,0.19401300000000002,C
3189,45,12.85,1335,0.19486199999999998,P
3190,45,11.9,1330,0.196677,P
3191,45,77.95,1335,0.196686,C
3192,45,82.1,1330,0.199294,C
3193,45,11.2,1325,0.19986800000000002,P
3194,45,86.3,1325,0.20185799999999998,C
3195,45,10.45,1320,0.202318,P
3196,45,9.7,1315,0.20436400000000002,P
3197,45,90.55,1320,0.2044,C
3198,45,94.85,1315,0.206946,C
3199,45,9.15,1310,0.20765100000000003,P
3200,45,8.45,1305,0.209323,P
3201,45,99.2,1310,0.20952199999999999,C
3202,45,103.55,1305,0.21172800000000003,C
3203,45,8.25,1300,0.21507300000000001,P
3204,45,7.5,1295,0.21557600000000002,P
3205,45,108.25,1300,0.216675,C
3206,45,6.3,1285,0.217996,P
3207,45,7.0,1290,0.21800300000000003,P
3208,45,112.7,1295,0.219146,C
3209,45,117.0,1290,0.219806,C
3210,45,121.6,1285,0.22301300000000002,C
3211,45,6.15,1280,0.22341,P
3212,45,5.75,1275,0.225925,P
3213,45,126.4,1280,0.22806500000000002,C
3214,45,5.5,1270,0.229895,P
3215,45,131.0,1275,0.230816,C
3216,45,5.1,1265,0.231844,P
3217,45,4.65,1260,0.232776,P
3218,45,135.6,1270,0.233275,C
3219,45,140.05,1265,0.233602,C
3220,45,4.45,1255,0.236675,P
3221,45,144.95,1260,0.23911999999999997,C
3222,45,4.25,1250,0.24041300000000002,P
3223,45,3.9,1245,0.241748,P
3224,45,149.65,1255,0.24197800000000003,C
3225,45,3.625,1240,0.24385900000000002,P
3226,45,158.85,1245,0.24399400000000002,C
3227,45,154.35,1250,0.244581,C
3228,45,3.375,1235,0.246071,P
3229,45,3.175,1230,0.248862,P
3230,45,163.85,1240,0.25045500000000004,C
3231,45,168.45,1235,0.250654,C
3232,45,3.0,1225,0.25188,P
3233,45,173.2,1230,0.252853,C
3234,45,2.825,1220,0.254693,P
3235,45,178.0,1225,0.25564699999999996,C
3236,45,182.8,1220,0.258212,C
3237,45,2.75,1215,0.259294,P
3238,45,187.6,1215,0.26053000000000004,C
3239,45,2.55,1210,0.261229,P
3240,45,2.375,1205,0.26341,P
3241,45,192.5,1210,0.26463400000000004,C
3242,45,2.325,1200,0.268216,P
3243,45,2.1,1195,0.26876700000000003,P
3244,45,202.15,1200,0.269203,C
3245,45,197.55,1205,0.271758,C
3246,45,2.0,1190,0.272086,P
3247,45,1.475,1175,0.274183,P
3248,45,1.9,1185,0.27525900000000003,P
3249,45,211.95,1190,0.276411,C
3250,45,207.25,1195,0.277469,C
3251,45,216.8,1185,0.278538,C
3252,45,221.7,1180,0.28176,C
3253,45,1.95,1180,0.282405,P
3254,45,1.6,1170,0.283788,P
3255,45,1.5,1165,0.28625300000000004,P
3256,45,1.375,1160,0.28762600000000005,P
3257,45,1.275,1155,0.289575,P
3258,45,226.8,1175,0.29033400000000004,C
3259,45,1.225,1150,0.293214,P
3260,45,231.7,1170,0.2935,C
3261,45,1.125,1145,0.294709,P
3262,45,236.65,1165,0.29796300000000003,C
3263,45,1.075,1140,0.298068,P
3264,45,251.15,1150,0.299298,C
3265,45,241.55,1160,0.30088400000000004,C
3266,45,0.55,1110,0.300904,P
3267,45,256.05,1145,0.301268,C
3268,45,1.025,1135,0.301315,P
3269,45,246.45,1155,0.303636,C
3270,45,0.975,1130,0.30444099999999996,P
3271,45,261.05,1140,0.306935,C
3272,45,0.925,1125,0.307436,P
3273,45,0.4,1090,0.308775,P
3274,45,0.875,1120,0.310291,P
3275,45,270.9,1130,0.312131,C
3276,45,0.3,1075,0.31296799999999997,P
3277,45,0.825,1115,0.31299099999999996,P
3278,45,275.8,1125,0.313296,C
3279,45,0.525,1095,0.314499,P
3280,45,0.425,1085,0.316213,P
3281,45,0.7,1105,0.316306,P
3282,45,0.375,1080,0.316379,P
3283,45,266.2,1135,0.318303,C
3284,45,285.7,1115,0.319641,C
3285,45,0.75,1100,0.32474899999999995,P
3286,45,0.325,1065,0.32595999999999997,P
3287,45,281.0,1120,0.327704,C
3288,45,295.65,1105,0.32818400000000003,C
3289,45,0.275,1055,0.3296,P
3290,45,0.325,1060,0.330996,P
3291,45,305.55,1095,0.333692,C
3292,45,290.9,1110,0.334781,C
3293,45,315.45,1085,0.33853,C
3294,45,0.25,1040,0.340951,P
3295,45,0.325,1050,0.341124,P
3296,45,0.2,1030,0.342528,P
3297,45,300.85,1100,0.343871,C
3298,45,325.4,1075,0.346155,C
3299,45,310.75,1090,0.350317,C
3300,45,0.225,1025,0.351916,P
3301,45,335.35,1065,0.35354,C
3302,45,340.3,1060,0.355131,C
3303,45,320.65,1080,0.356275,C
3304,45,350.2,1050,0.357369,C
3305,45,0.45,1045,0.36007100000000003,P
3306,45,355.2,1045,0.362846,C
3307,45,0.45,1035,0.370651,P
3308,45,375.1,1025,0.374322,C
3309,45,370.15,1030,0.374345,C
3310,45,345.5,1055,0.37541199999999997,C
3311,45,0.4,1020,0.381187,P
3312,45,0.25,1000,0.38153400000000004,P
3313,45,390.05,1010,0.384691,C
3314,45,360.4,1040,0.385318,C
3315,45,0.425,1015,0.389339,P
3316,45,395.05,1005,0.390227,C
3317,45,365.4,1035,0.391004,C
3318,45,409.95,990,0.391873,C
3319,45,0.375,1005,0.39418000000000003,P
3320,45,0.425,1010,0.394712,P
3321,45,414.95,985,0.397419,C
3322,45,0.2,975,0.397989,P
3323,45,419.95,980,0.402993,C
3324,45,380.35,1020,0.40417,C
3325,45,0.375,995,0.4049,P
3326,45,385.35,1015,0.409916,C
3327,45,0.375,990,0.41029399999999994,P
3328,45,0.15,950,0.411864,P
3329,45,0.375,985,0.41571,P
3330,45,449.85,950,0.415917,C
3331,45,0.35,980,0.417793,P
3332,45,400.25,1000,0.41822,C
3333,45,405.25,995,0.42399,C
3334,45,0.35,970,0.42866899999999997,P
3335,45,474.8,925,0.430251,C
3336,45,425.15,975,0.43658500000000006,C
3337,45,0.15,925,0.437899,P
3338,45,524.7,875,0.44152700000000006,C
3339,45,430.15,970,0.442405,C
3340,45,0.125,900,0.45647,P
3341,45,0.075,875,0.46142799999999995,P
3342,45,549.7,850,0.47468999999999995,C
3343,45,0.075,850,0.487966,P
3344,45,0.025,800,0.49745,P
3345,45,500.0,900,0.5051399999999999,C
3346,45,0.075,825,0.515243,P
3347,45,0.025,775,0.524151,P
3348,45,0.025,750,0.5516949999999999,P
3349,45,0.025,725,0.58014,P
3350,45,574.9,825,0.580817,C
3351,45,649.8,750,0.656375,C
3352,45,674.8,725,0.692963,C
3353,45,699.8,700,0.730854,C
3354,45,0.25,700,0.742766,P
3355,45,0.225,675,0.7710899999999999,P
3356,45,0.225,650,0.8085319999999999,P
3357,45,0.225,625,0.8474229999999999,P
3358,45,799.7,600,0.8552299999999999,C
3359,45,0.225,600,0.8878889999999999,P
3360,45,824.7,575,0.9011239999999999,C
3361,45,0.225,575,0.930074,P
3362,45,0.05,500,0.938399,P
3363,45,849.7,550,0.949042,C
3364,45,0.225,550,0.97414,P
3365,45,0.225,525,1.02027,P
3366,45,0.025,400,1.0780379999999998,P
3367,45,949.6,450,1.099305,C
3368,45,0.225,475,1.1196110000000001,P
3369,45,0.225,450,1.173355,P
3370,45,999.6,400,1.226821,C
3371,45,0.025,300,1.320451,P
3372,45,1099.5,300,1.423255,C
3373,31,97.75,1500,0.100787,P
3374,31,117.65,1520,0.103841,P
3375,31,107.75,1510,0.10960299999999999,P
3376,31,88.3,1490,0.11727,P
3377,31,74.15,1475,0.119564,P
3378,31,78.9,1480,0.12081199999999999,P
3379,31,69.65,1470,0.121483,P
3380,31,61.1,1460,0.126447,P
3381,31,0.7,1500,0.128102,C
3382,31,1.125,1490,0.128827,C
3383,31,0.475,1510,0.12977,C
3384,31,1.775,1480,0.12994,C
3385,31,2.175,1475,0.130098,C
3386,31,0.325,1520,0.13170199999999999,C
3387,31,2.775,1470,0.131949,C
3388,31,53.25,1450,0.132333,P
3389,31,0.275,1525,0.1331,C
3390,31,4.15,1460,0.13376500000000002,C
3391,31,46.05,1440,0.13777999999999999,P
3392,31,6.25,1450,0.137854,C
3393,31,9.05,1440,0.142542,C
3394,31,39.75,1430,0.144441,P
3395,31,36.7,1425,0.14655,P
3396,31,12.55,1430,0.147367,C
3397,31,0.2,1550,0.148723,C
3398,31,34.05,1420,0.150125,P
3399,31,14.65,1425,0.150375,C
3400,31,16.85,1420,0.152884,C
3401,31,29.2,1410,0.156747,P
3402,31,21.95,1410,0.159124,C
3403,31,0.15,1575,0.16350399999999998,C
3404,31,25.05,1400,0.163645,P
3405,31,27.6,1400,0.164779,C
3406,31,21.35,1390,0.16967000000000002,P
3407,31,33.95,1390,0.171159,C
3408,31,0.1,1600,0.17488900000000002,C
3409,31,18.15,1380,0.175523,P
3410,31,40.9,1380,0.178075,C
3411,31,16.7,1375,0.178257,P
3412,31,44.45,1375,0.180881,C
3413,31,15.4,1370,0.181268,P
3414,31,48.1,1370,0.183626,C
3415,31,13.1,1360,0.187327,P
3416,31,56.15,1360,0.192454,C
3417,31,0.1,1625,0.19303199999999998,C
3418,31,11.2,1350,0.193813,P
3419,31,64.25,1350,0.199346,C
3420,31,9.55,1340,0.199965,P
3421,31,72.6,1340,0.205986,C
3422,31,8.15,1330,0.206107,P
3423,31,7.55,1325,0.20935700000000002,P
3424,31,6.85,1320,0.211052,P
3425,31,81.05,1330,0.21129499999999998,C
3426,31,85.55,1325,0.215777,C
3427,31,5.95,1310,0.21831399999999998,P
3428,31,89.9,1320,0.21834699999999999,C
3429,31,5.1,1300,0.224502,P
3430,31,98.9,1310,0.22521100000000002,C
3431,31,4.35,1290,0.230287,P
3432,31,108.3,1300,0.235225,C
3433,31,117.05,1290,0.235355,C
3434,31,3.75,1280,0.23665799999999998,P
3435,31,3.45,1275,0.239261,P
3436,31,126.45,1280,0.242323,C
3437,31,3.2,1270,0.24233400000000002,P
3438,31,131.35,1275,0.248515,C
3439,31,2.775,1260,0.248867,P
3440,31,135.95,1270,0.249569,C
3441,31,2.4,1250,0.255152,P
3442,31,145.5,1260,0.256475,C
3443,31,2.05,1240,0.26069699999999996,P
3444,31,155.25,1250,0.266275,C
3445,31,1.8,1230,0.267625,P
3446,31,1.65,1225,0.269931,P
3447,31,164.8,1240,0.270896,C
3448,31,1.55,1220,0.273471,P
3449,31,174.5,1230,0.27768400000000004,C
3450,31,179.35,1225,0.280668,C
3451,31,1.375,1210,0.280736,P
3452,31,184.25,1220,0.284789,C
3453,31,1.15,1200,0.285058,P
3454,31,194.05,1210,0.292488,C
3455,31,1.05,1190,0.293548,P
3456,31,203.85,1200,0.299375,C
3457,31,0.875,1175,0.30394,P
3458,31,213.8,1190,0.311019,C
3459,31,0.625,1150,0.319483,P
3460,31,228.6,1175,0.32315900000000003,C
3461,31,0.475,1125,0.337549,P
3462,31,253.25,1150,0.339063,C
3463,31,0.3,1100,0.347508,P
3464,31,278.05,1125,0.358871,C
3465,31,303.05,1100,0.391102,C
3466,30,109.05,1510,0.096189,P
3467,30,99.4,1500,0.119362,P
3468,30,89.75,1490,0.122175,P
3469,30,70.95,1470,0.12381400000000001,P
3470,30,80.3,1480,0.12449500000000001,P
3471,30,119.2,1520,0.125496,P
3472,30,75.7,1475,0.126031,P
3473,30,1.425,1480,0.12750699999999998,C
3474,30,0.925,1490,0.127737,C
3475,30,1.8,1475,0.128183,C
3476,30,0.6,1500,0.128432,C
3477,30,2.3,1470,0.129573,C
3478,30,0.4,1510,0.129991,C
3479,30,62.55,1460,0.13130999999999998,P
3480,30,3.65,1460,0.132772,C
3481,30,0.3,1520,0.13385899999999998,C
3482,30,0.25,1525,0.135015,C
3483,30,54.55,1450,0.136096,P
3484,30,5.65,1450,0.137297,C
3485,30,47.05,1440,0.139723,P
3486,30,8.35,1440,0.14235899999999999,C
3487,30,40.65,1430,0.146516,P
3488,30,37.4,1425,0.147627,P
3489,30,11.8,1430,0.14782,C
3490,30,0.175,1550,0.150101,C
3491,30,13.8,1425,0.150597,C
3492,30,34.8,1420,0.15196199999999999,P
3493,30,16.0,1420,0.153524,C
3494,30,29.6,1410,0.15708699999999998,P
3495,30,21.0,1410,0.159887,C
3496,30,25.3,1400,0.16373,P
3497,30,0.125,1575,0.164134,C
3498,30,26.65,1400,0.166208,C
3499,30,21.55,1390,0.170019,P
3500,30,32.9,1390,0.17255299999999998,C
3501,30,18.35,1380,0.17638199999999998,P
3502,30,39.7,1380,0.17902300000000002,C
3503,30,0.1,1600,0.1791,C
3504,30,16.95,1375,0.179694,P
3505,30,43.15,1375,0.18137799999999998,C
3506,30,15.65,1370,0.182944,P
3507,30,46.85,1370,0.18468099999999998,C
3508,30,13.3,1360,0.189088,P
3509,30,54.6,1360,0.191707,C
3510,30,11.3,1350,0.195189,P
3511,30,0.1,1625,0.197542,C
3512,30,62.6,1350,0.198027,C
3513,30,9.65,1340,0.201685,P
3514,30,70.85,1340,0.20390999999999998,C
3515,30,8.15,1330,0.207193,P
3516,30,79.35,1330,0.209654,C
3517,30,7.6,1325,0.211071,P
3518,30,7.0,1320,0.213959,P
3519,30,83.85,1325,0.214153,C
3520,30,88.1,1320,0.21562800000000001,C
3521,30,6.0,1310,0.22043400000000002,P
3522,30,97.05,1310,0.221719,C
3523,30,5.15,1300,0.226888,P
3524,30,106.2,1300,0.228341,C
3525,30,4.35,1290,0.23220500000000002,P
3526,30,115.45,1290,0.23458600000000002,C
3527,30,124.65,1280,0.23820300000000003,C
3528,30,3.75,1280,0.23876,P
3529,30,3.5,1275,0.24231,P
3530,30,129.55,1275,0.244312,C
3531,30,3.25,1270,0.24552,P
3532,30,134.35,1270,0.24854899999999996,C
3533,30,2.75,1260,0.250794,P
3534,30,143.85,1260,0.254256,C
3535,30,2.275,1250,0.254836,P
3536,30,153.5,1250,0.261658,C
3537,30,2.075,1240,0.26410100000000003,P
3538,30,163.15,1240,0.267901,C
3539,30,1.8,1230,0.270542,P
3540,30,1.675,1225,0.273688,P
3541,30,172.9,1230,0.27555,C
3542,30,1.55,1220,0.276532,P
3543,30,177.75,1225,0.278289,C
3544,30,1.35,1210,0.283039,P
3545,30,182.75,1220,0.28526599999999996,C
3546,30,1.175,1200,0.289444,P
3547,30,192.55,1210,0.292848,C
3548,30,202.25,1200,0.295774,C
3549,30,1.025,1190,0.29589899999999997,P
3550,30,212.1,1190,0.303068,C
3551,30,0.825,1175,0.30490900000000004,P
3552,30,226.95,1175,0.316079,C
3553,30,0.55,1150,0.317844,P
3554,30,0.4,1125,0.334472,P
3555,30,251.7,1150,0.33494,C
3556,30,276.5,1125,0.352837,C
3557,30,0.325,1100,0.35557,P
3558,30,301.35,1100,0.370745,C
